mkn_segment_sentence,eng_segment_sentence,start,wav_files,audio_segment_path
,,,audio/audio_1.wav,
tadi kaka nonton ini Go.Spot ko sonde?,did you watch go spot this morning?,0:00:02,audio/audio_1.wav,
"ih, sonde.",no.,0:00:04,audio/audio_1.wav,
kotong pung listrik di sana mati terus.,our electricity was always off.,0:00:05,audio/audio_1.wav,
sumpah ni.,wow.,0:00:07,audio/audio_1.wav,
Oesapa kenapa tu...,why is in Oesapa...,0:00:07,audio/audio_1.wav,
ko listrik su mati terus.,the electricity always off?,0:00:08,audio/audio_1.wav,
e be nonton.,hmm I watched (tv),0:00:09,audio/audio_1.wav,
awih.,oh.,0:00:10,audio/audio_1.wav,
ada ini.,it is said.,0:00:11,audio/audio_1.wav,
bilang ini.,that.,0:00:12,audio/audio_1.wav,
Slank ada kena ni...,Slank was...,0:00:13,audio/audio_1.wav,
apa ini dari anggota dewan dong a?,is this by the legislatives?,0:00:15,audio/audio_1.wav,
ho e ko abis dia pung.,"yes, that’s beacuse.",0:00:17,audio/audio_1.wav,
lirik lagu tu kan.,their song’s lyrics.,0:00:18,audio/audio_1.wav,
menyudutkan anggota dewan to.,make the parlements.,0:00:20,audio/audio_1.wav,
xx tapi tau lai.,but I don’t know.,0:00:20,audio/audio_1.wav,
ko abis.,because.,0:00:22,audio/audio_1.wav,
anggota dewan selama ini tidor ko?,did the parlements sleep along the day?,0:00:24,audio/audio_1.wav,
ko abis.,because.,0:00:25,audio/audio_1.wav,
su begini lama ni.,this has been too long.,0:00:26,audio/audio_1.wav,
itu lagu su dari beberapa taon lalu xx.,that song has been composed several years ago.,0:00:27,audio/audio_1.wav,
ih be son suka anggota dewan dong.,hmm I don’t like the parlements.,0:00:29,audio/audio_1.wav,
talalu ba’iu mati.,they are realy behave.,0:00:30,audio/audio_1.wav,
model ke apa ko.,(they are) like ...,0:00:32,audio/audio_1.wav,
xx.,xx,0:00:32,audio/audio_1.wav,
sonde tau ju o.,I don’t know.,0:00:33,audio/audio_1.wav,
ko abis.,because.,0:00:33,audio/audio_1.wav,
klo dong tersinggung berarti dong bikin ju a?,"if they are offended, they do it too, aren’t they?",0:00:35,audio/audio_1.wav,
ho,yes.,0:00:35,audio/audio_1.wav,
ko itu kan hanya yang untuk orang tertentu sa to?,"because it is just for certain people, right?",0:00:37,audio/audio_1.wav,
yang betul-betul korupsi...,who really committed to coruption.,0:00:39,audio/audio_1.wav,
kalo sonde na sonde to?,"and if not, (they) don’t, do they?",0:00:40,audio/audio_1.wav,
"sonde, ko abis.","not, because",0:00:41,audio/audio_1.wav,
ini.,hm.,0:00:41,audio/audio_1.wav,
nonton dapat yang Ungu ko sonde?,did you watch (the news) about Ungu or not?,0:00:43,audio/audio_1.wav,
Ungu pi umroh.,they were go to umroh.,0:00:45,audio/audio_1.wav,
be sonde dapat.,I didn’t watch it.,0:00:46,audio/audio_1.wav,
soalnya be sonde telalu dengar bae-bae...,and I didn’t listen it carefully.,0:00:48,audio/audio_1.wav,
ko abis.,because.,0:00:49,audio/audio_1.wav,
be tadi pagi mau datang sini to.,"this morning, I would come here.",0:00:51,audio/audio_1.wav,
jadi...,so...,0:00:51,audio/audio_1.wav,
buru-buru.,really in hurry.,0:00:53,audio/audio_1.wav,
beta sampe Slank sa ju.,I just (watched it) until the (news) about Slank.,0:00:54,audio/audio_1.wav,
kotong pung listrik mati de.,the electricity in my place was off.,0:00:55,audio/audio_1.wav,
be son nonton lai.,I didn’t watch it anymore.,0:00:56,audio/audio_1.wav,
aih... sumpah ni.,hmm.,0:00:57,audio/audio_1.wav,
su mati dari kapan?,when was it off?,0:01:00,audio/audio_1.wav,
mati dari yang Go.Spot tu sampe be datang tu...,it was off when I watch Go Spot and until I came here...,0:01:00,audio/audio_1.wav,
sonde tau menyala-menyala.,(the electricity) was still not working,0:01:03,audio/audio_1.wav,
adih xx,wow.xx,0:01:06,audio/audio_1.wav,
lia do?,can you see it?,0:01:07,audio/audio_1.wav,
kotong di Oesapa ni heran mati terus.,"(I) wonder, (the electricity) in Oesapa is always off.",0:01:08,audio/audio_1.wav,
ma <orang> di bagian dalam kota sini sonde mati.,but (the electricity) downtown is not always off,0:01:11,audio/audio_1.wav,
e sonde.,hm no.,0:01:12,audio/audio_1.wav,
kotong di sini giliran.,in these town always get time for off.,0:01:13,audio/audio_1.wav,
ke kotong baru-baru di Sikumana tu mati na.,"as our place, in Sikumana (the electricity) was off the other day",0:01:14,audio/audio_1.wav,
hari...,on...,0:01:16,audio/audio_1.wav,
Senin.,Monday.,0:01:17,audio/audio_1.wav,
o Senin tu kotong mati lampu.,our electricity was off on Monday,0:01:18,audio/audio_1.wav,
ko yang hari Minggu beta datang sini.,and when I came here on Sunday,0:01:21,audio/audio_1.wav,
datang mo ambel bahan kuliah.,came to take the lecture material.,0:01:22,audio/audio_1.wav,
di Pa sini.,at Mr.Jhon’s place,0:01:24,audio/audio_1.wav,
Pa pung listrik ju mati.,"the electricity at his (place) was off, too.",0:01:24,audio/audio_1.wav,
hari minggu.,on Sunday.,0:01:26,audio/audio_1.wav,
,,,audio/audio_1.wav,
tadi kaka nonton ini Go.Spot ko sonde?,did you watch go spot this morning?,0:00:02,audio/audio_1.wav,
"ih, sonde.",no.,0:00:04,audio/audio_1.wav,
kotong pung listrik di sana mati terus.,our electricity was always off.,0:00:05,audio/audio_1.wav,
sumpah ni.,wow.,0:00:07,audio/audio_1.wav,
Oesapa kenapa tu...,why is in Oesapa...,0:00:07,audio/audio_1.wav,
ko listrik su mati terus.,the electricity always off?,0:00:08,audio/audio_1.wav,
e be nonton.,hmm I watched (tv),0:00:09,audio/audio_1.wav,
awih.,oh.,0:00:10,audio/audio_1.wav,
ada ini.,it is said.,0:00:11,audio/audio_1.wav,
bilang ini.,that.,0:00:12,audio/audio_1.wav,
Slank ada kena ni...,Slank was...,0:00:13,audio/audio_1.wav,
apa ini dari anggota dewan dong a?,is this by the legislatives?,0:00:15,audio/audio_1.wav,
ho e ko abis dia pung.,"yes, that’s beacuse.",0:00:17,audio/audio_1.wav,
lirik lagu tu kan.,their song’s lyrics.,0:00:18,audio/audio_1.wav,
menyudutkan anggota dewan to.,make the parlements.,0:00:20,audio/audio_1.wav,
xx tapi tau lai.,but I don’t know.,0:00:20,audio/audio_1.wav,
ko abis.,because.,0:00:22,audio/audio_1.wav,
anggota dewan selama ini tidor ko?,did the parlements sleep along the day?,0:00:24,audio/audio_1.wav,
ko abis.,because.,0:00:25,audio/audio_1.wav,
su begini lama ni.,this has been too long.,0:00:26,audio/audio_1.wav,
itu lagu su dari beberapa taon lalu xx.,that song has been composed several years ago.,0:00:27,audio/audio_1.wav,
ih be son suka anggota dewan dong.,hmm I don’t like the parlements.,0:00:29,audio/audio_1.wav,
talalu ba’iu mati.,they are realy behave.,0:00:30,audio/audio_1.wav,
model ke apa ko.,(they are) like ...,0:00:32,audio/audio_1.wav,
xx.,xx,0:00:32,audio/audio_1.wav,
sonde tau ju o.,I don’t know.,0:00:33,audio/audio_1.wav,
ko abis.,because.,0:00:33,audio/audio_1.wav,
klo dong tersinggung berarti dong bikin ju a?,"if they are offended, they do it too, aren’t they?",0:00:35,audio/audio_1.wav,
ho,yes.,0:00:35,audio/audio_1.wav,
ko itu kan hanya yang untuk orang tertentu sa to?,"because it is just for certain people, right?",0:00:37,audio/audio_1.wav,
yang betul-betul korupsi...,who really committed to coruption.,0:00:39,audio/audio_1.wav,
kalo sonde na sonde to?,"and if not, (they) don’t, do they?",0:00:40,audio/audio_1.wav,
"sonde, ko abis.","not, because",0:00:41,audio/audio_1.wav,
ini.,hm.,0:00:41,audio/audio_1.wav,
nonton dapat yang Ungu ko sonde?,did you watch (the news) about Ungu or not?,0:00:43,audio/audio_1.wav,
Ungu pi umroh.,they were go to umroh.,0:00:45,audio/audio_1.wav,
be sonde dapat.,I didn’t watch it.,0:00:46,audio/audio_1.wav,
soalnya be sonde telalu dengar bae-bae...,and I didn’t listen it carefully.,0:00:48,audio/audio_1.wav,
ko abis.,because.,0:00:49,audio/audio_1.wav,
be tadi pagi mau datang sini to.,"this morning, I would come here.",0:00:51,audio/audio_1.wav,
jadi...,so...,0:00:51,audio/audio_1.wav,
buru-buru.,really in hurry.,0:00:53,audio/audio_1.wav,
beta sampe Slank sa ju.,I just (watched it) until the (news) about Slank.,0:00:54,audio/audio_1.wav,
kotong pung listrik mati de.,the electricity in my place was off.,0:00:55,audio/audio_1.wav,
be son nonton lai.,I didn’t watch it anymore.,0:00:56,audio/audio_1.wav,
aih... sumpah ni.,hmm.,0:00:57,audio/audio_1.wav,
su mati dari kapan?,when was it off?,0:01:00,audio/audio_1.wav,
mati dari yang Go.Spot tu sampe be datang tu...,it was off when I watch Go Spot and until I came here...,0:01:00,audio/audio_1.wav,
sonde tau menyala-menyala.,(the electricity) was still not working,0:01:03,audio/audio_1.wav,
adih xx,wow.xx,0:01:06,audio/audio_1.wav,
lia do?,can you see it?,0:01:07,audio/audio_1.wav,
kotong di Oesapa ni heran mati terus.,"(I) wonder, (the electricity) in Oesapa is always off.",0:01:08,audio/audio_1.wav,
ma <orang> di bagian dalam kota sini sonde mati.,but (the electricity) downtown is not always off,0:01:11,audio/audio_1.wav,
e sonde.,hm no.,0:01:12,audio/audio_1.wav,
kotong di sini giliran.,in these town always get time for off.,0:01:13,audio/audio_1.wav,
ke kotong baru-baru di Sikumana tu mati na.,"as our place, in Sikumana (the electricity) was off the other day",0:01:14,audio/audio_1.wav,
hari...,on...,0:01:16,audio/audio_1.wav,
Senin.,Monday.,0:01:17,audio/audio_1.wav,
o Senin tu kotong mati lampu.,our electricity was off on Monday,0:01:18,audio/audio_1.wav,
ko yang hari Minggu beta datang sini.,and when I came here on Sunday,0:01:21,audio/audio_1.wav,
datang mo ambel bahan kuliah.,came to take the lecture material.,0:01:22,audio/audio_1.wav,
di Pa sini.,at Mr.Jhon’s place,0:01:24,audio/audio_1.wav,
Pa pung listrik ju mati.,"the electricity at his (place) was off, too.",0:01:24,audio/audio_1.wav,
hari minggu.,on Sunday.,0:01:26,audio/audio_1.wav,
jadi hari minggu bagian sini...,"so on Sunday, it was off here.",0:01:27,audio/audio_1.wav,
Tofa.,Tofa.,0:01:28,audio/audio_1.wav,
habis.,and then.,0:01:30,audio/audio_1.wav,
Senin tu kotong dari atas.,on Monday when we came (the electricity was off),0:01:30,audio/audio_1.wav,
itu hari bagiliran.,"that time, it was in turn",0:01:31,audio/audio_1.wav,
ma tau.,but I didn’t know why.,0:01:32,audio/audio_1.wav,
sekarang maen mati terus tiap hari tu pasti.,"now it is always off, every day it is certainly so .",0:01:34,audio/audio_1.wav,
jam sekitar...,it was about...,0:01:35,audio/audio_1.wav,
jam.,at.,0:01:37,audio/audio_1.wav,
pagi tu sekitar jam delapan lewat.,about 08.00 in the morning.,0:01:38,audio/audio_1.wav,
nanti son lama dia menyala lai.,and latter it was on again.,0:01:42,audio/audio_1.wav,
abis itu malam ju bagitu.,and that night was also so.,0:01:42,audio/audio_1.wav,
malam ju nanti.,later at night,0:01:44,audio/audio_1.wav,
jam enam tu dia mati.,at 06.00 the electricity was off.,0:01:46,audio/audio_1.wav,
jam sembilan baru dia menyala.,and then at 09.00 p.m it was on,0:01:48,audio/audio_1.wav,
adiii kaka.,oh yeah.,0:01:50,audio/audio_1.wav,
su dua hari ni kan.,it has been two days.,0:01:51,audio/audio_1.wav,
beta de Nur terus to.,I was with Nur.,0:01:52,audio/audio_1.wav,
jadi.,because.,0:01:53,audio/audio_1.wav,
be kan son bisa bawa motor.,I couldn’t ride the motorcycle.,0:01:54,audio/audio_1.wav,
be pung kaka kan ada.,my sister was in.,0:01:55,audio/audio_1.wav,
dia dapat proyek.,she got a project.,0:01:55,audio/audio_1.wav,
maksudnya kerja di LSM to,I mean (she) is working in NGO.,0:01:56,audio/audio_1.wav,
jadi su dua hari ni.,so for these two days.,0:02:00,audio/audio_1.wav,
pi kantor terus tanda tangan kontrak.,(she) always went to office to sign the agreement.,0:02:01,audio/audio_1.wav,
jadi dia yang pake motor.,so she was drive the motorcycle.,0:02:03,audio/audio_1.wav,
jadi kamaren deng kemaren dulu beta kan di Nur to.,yesterday and the day before yesterday I was with Nur.,0:02:08,audio/audio_1.wav,
beta tunggu dia di Glory.,I waited for her at Glory,0:02:10,audio/audio_1.wav,
be bawa be pung helem sendiri.,I brought my own helmet.,0:02:10,audio/audio_1.wav,
na jadi yang kemarin ni.,so yesterday...,0:02:12,audio/audio_1.wav,
tukang mas ni.,the gold smith,0:02:14,audio/audio_1.wav,
eh kan.,that.,0:02:16,audio/audio_1.wav,
di samping apotik tu kan pegadaian to.,beside the pharmacy there is a pawning service,0:02:17,audio/audio_1.wav,
hoo.,yeah.,0:02:20,audio/audio_1.wav,
na biasa ni kan.,"well, usually",0:02:22,audio/audio_1.wav,
di pegadaian-pegadaian tu kan.,in pawning service,0:02:22,audio/audio_1.wav,
ada...,there is ...,0:02:22,audio/audio_1.wav,
apa su dia pung nama?,what is it called?,0:02:23,audio/audio_1.wav,
ini...,hmm...,0:02:25,audio/audio_1.wav,
0.,0,0:02:27,audio/audio_1.wav,
apa su di pung nama?,what is it called?,0:02:27,audio/audio_1.wav,
,,,audio/audio_1.wav,
tadi kaka nonton ini Go.Spot ko sonde?,did you watch go spot this morning?,0:00:02,audio/audio_1.wav,
"ih, sonde.",no.,0:00:04,audio/audio_1.wav,
kotong pung listrik di sana mati terus.,our electricity was always off.,0:00:05,audio/audio_1.wav,
sumpah ni.,wow.,0:00:07,audio/audio_1.wav,
Oesapa kenapa tu...,why is in Oesapa...,0:00:07,audio/audio_1.wav,
ko listrik su mati terus.,the electricity always off?,0:00:08,audio/audio_1.wav,
e be nonton.,hmm I watched (tv),0:00:09,audio/audio_1.wav,
awih.,oh.,0:00:10,audio/audio_1.wav,
ada ini.,it is said.,0:00:11,audio/audio_1.wav,
bilang ini.,that.,0:00:12,audio/audio_1.wav,
Slank ada kena ni...,Slank was...,0:00:13,audio/audio_1.wav,
apa ini dari anggota dewan dong a?,is this by the legislatives?,0:00:15,audio/audio_1.wav,
ho e ko abis dia pung.,"yes, that’s beacuse.",0:00:17,audio/audio_1.wav,
lirik lagu tu kan.,their song’s lyrics.,0:00:18,audio/audio_1.wav,
menyudutkan anggota dewan to.,make the parlements.,0:00:20,audio/audio_1.wav,
xx tapi tau lai.,but I don’t know.,0:00:20,audio/audio_1.wav,
ko abis.,because.,0:00:22,audio/audio_1.wav,
anggota dewan selama ini tidor ko?,did the parlements sleep along the day?,0:00:24,audio/audio_1.wav,
ko abis.,because.,0:00:25,audio/audio_1.wav,
su begini lama ni.,this has been too long.,0:00:26,audio/audio_1.wav,
itu lagu su dari beberapa taon lalu xx.,that song has been composed several years ago.,0:00:27,audio/audio_1.wav,
ih be son suka anggota dewan dong.,hmm I don’t like the parlements.,0:00:29,audio/audio_1.wav,
talalu ba’iu mati.,they are realy behave.,0:00:30,audio/audio_1.wav,
model ke apa ko.,(they are) like ...,0:00:32,audio/audio_1.wav,
xx.,xx,0:00:32,audio/audio_1.wav,
sonde tau ju o.,I don’t know.,0:00:33,audio/audio_1.wav,
ko abis.,because.,0:00:33,audio/audio_1.wav,
klo dong tersinggung berarti dong bikin ju a?,"if they are offended, they do it too, aren’t they?",0:00:35,audio/audio_1.wav,
ho,yes.,0:00:35,audio/audio_1.wav,
ko itu kan hanya yang untuk orang tertentu sa to?,"because it is just for certain people, right?",0:00:37,audio/audio_1.wav,
yang betul-betul korupsi...,who really committed to coruption.,0:00:39,audio/audio_1.wav,
kalo sonde na sonde to?,"and if not, (they) don’t, do they?",0:00:40,audio/audio_1.wav,
"sonde, ko abis.","not, because",0:00:41,audio/audio_1.wav,
ini.,hm.,0:00:41,audio/audio_1.wav,
nonton dapat yang Ungu ko sonde?,did you watch (the news) about Ungu or not?,0:00:43,audio/audio_1.wav,
Ungu pi umroh.,they were go to umroh.,0:00:45,audio/audio_1.wav,
be sonde dapat.,I didn’t watch it.,0:00:46,audio/audio_1.wav,
soalnya be sonde telalu dengar bae-bae...,and I didn’t listen it carefully.,0:00:48,audio/audio_1.wav,
ko abis.,because.,0:00:49,audio/audio_1.wav,
be tadi pagi mau datang sini to.,"this morning, I would come here.",0:00:51,audio/audio_1.wav,
jadi...,so...,0:00:51,audio/audio_1.wav,
buru-buru.,really in hurry.,0:00:53,audio/audio_1.wav,
beta sampe Slank sa ju.,I just (watched it) until the (news) about Slank.,0:00:54,audio/audio_1.wav,
kotong pung listrik mati de.,the electricity in my place was off.,0:00:55,audio/audio_1.wav,
be son nonton lai.,I didn’t watch it anymore.,0:00:56,audio/audio_1.wav,
aih... sumpah ni.,hmm.,0:00:57,audio/audio_1.wav,
su mati dari kapan?,when was it off?,0:01:00,audio/audio_1.wav,
mati dari yang Go.Spot tu sampe be datang tu...,it was off when I watch Go Spot and until I came here...,0:01:00,audio/audio_1.wav,
sonde tau menyala-menyala.,(the electricity) was still not working,0:01:03,audio/audio_1.wav,
adih xx,wow.xx,0:01:06,audio/audio_1.wav,
lia do?,can you see it?,0:01:07,audio/audio_1.wav,
kotong di Oesapa ni heran mati terus.,"(I) wonder, (the electricity) in Oesapa is always off.",0:01:08,audio/audio_1.wav,
ma <orang> di bagian dalam kota sini sonde mati.,but (the electricity) downtown is not always off,0:01:11,audio/audio_1.wav,
e sonde.,hm no.,0:01:12,audio/audio_1.wav,
kotong di sini giliran.,in these town always get time for off.,0:01:13,audio/audio_1.wav,
ke kotong baru-baru di Sikumana tu mati na.,"as our place, in Sikumana (the electricity) was off the other day",0:01:14,audio/audio_1.wav,
hari...,on...,0:01:16,audio/audio_1.wav,
Senin.,Monday.,0:01:17,audio/audio_1.wav,
o Senin tu kotong mati lampu.,our electricity was off on Monday,0:01:18,audio/audio_1.wav,
ko yang hari Minggu beta datang sini.,and when I came here on Sunday,0:01:21,audio/audio_1.wav,
datang mo ambel bahan kuliah.,came to take the lecture material.,0:01:22,audio/audio_1.wav,
di Pa sini.,at Mr.Jhon’s place,0:01:24,audio/audio_1.wav,
Pa pung listrik ju mati.,"the electricity at his (place) was off, too.",0:01:24,audio/audio_1.wav,
hari minggu.,on Sunday.,0:01:26,audio/audio_1.wav,
jadi hari minggu bagian sini...,"so on Sunday, it was off here.",0:01:27,audio/audio_1.wav,
Tofa.,Tofa.,0:01:28,audio/audio_1.wav,
habis.,and then.,0:01:30,audio/audio_1.wav,
Senin tu kotong dari atas.,on Monday when we came (the electricity was off),0:01:30,audio/audio_1.wav,
itu hari bagiliran.,"that time, it was in turn",0:01:31,audio/audio_1.wav,
ma tau.,but I didn’t know why.,0:01:32,audio/audio_1.wav,
sekarang maen mati terus tiap hari tu pasti.,"now it is always off, every day it is certainly so .",0:01:34,audio/audio_1.wav,
jam sekitar...,it was about...,0:01:35,audio/audio_1.wav,
jam.,at.,0:01:37,audio/audio_1.wav,
pagi tu sekitar jam delapan lewat.,about 08.00 in the morning.,0:01:38,audio/audio_1.wav,
nanti son lama dia menyala lai.,and latter it was on again.,0:01:42,audio/audio_1.wav,
abis itu malam ju bagitu.,and that night was also so.,0:01:42,audio/audio_1.wav,
malam ju nanti.,later at night,0:01:44,audio/audio_1.wav,
jam enam tu dia mati.,at 06.00 the electricity was off.,0:01:46,audio/audio_1.wav,
jam sembilan baru dia menyala.,and then at 09.00 p.m it was on,0:01:48,audio/audio_1.wav,
adiii kaka.,oh yeah.,0:01:50,audio/audio_1.wav,
su dua hari ni kan.,it has been two days.,0:01:51,audio/audio_1.wav,
beta de Nur terus to.,I was with Nur.,0:01:52,audio/audio_1.wav,
jadi.,because.,0:01:53,audio/audio_1.wav,
be kan son bisa bawa motor.,I couldn’t ride the motorcycle.,0:01:54,audio/audio_1.wav,
be pung kaka kan ada.,my sister was in.,0:01:55,audio/audio_1.wav,
dia dapat proyek.,she got a project.,0:01:55,audio/audio_1.wav,
maksudnya kerja di LSM to,I mean (she) is working in NGO.,0:01:56,audio/audio_1.wav,
jadi su dua hari ni.,so for these two days.,0:02:00,audio/audio_1.wav,
pi kantor terus tanda tangan kontrak.,(she) always went to office to sign the agreement.,0:02:01,audio/audio_1.wav,
jadi dia yang pake motor.,so she was drive the motorcycle.,0:02:03,audio/audio_1.wav,
jadi kamaren deng kemaren dulu beta kan di Nur to.,yesterday and the day before yesterday I was with Nur.,0:02:08,audio/audio_1.wav,
beta tunggu dia di Glory.,I waited for her at Glory,0:02:10,audio/audio_1.wav,
be bawa be pung helem sendiri.,I brought my own helmet.,0:02:10,audio/audio_1.wav,
na jadi yang kemarin ni.,so yesterday...,0:02:12,audio/audio_1.wav,
tukang mas ni.,the gold smith,0:02:14,audio/audio_1.wav,
eh kan.,that.,0:02:16,audio/audio_1.wav,
di samping apotik tu kan pegadaian to.,beside the pharmacy there is a pawning service,0:02:17,audio/audio_1.wav,
hoo.,yeah.,0:02:20,audio/audio_1.wav,
na biasa ni kan.,"well, usually",0:02:22,audio/audio_1.wav,
di pegadaian-pegadaian tu kan.,in pawning service,0:02:22,audio/audio_1.wav,
ada...,there is ...,0:02:22,audio/audio_1.wav,
apa su dia pung nama?,what is it called?,0:02:23,audio/audio_1.wav,
ini...,hmm...,0:02:25,audio/audio_1.wav,
0.,0,0:02:27,audio/audio_1.wav,
apa su di pung nama?,what is it called?,0:02:27,audio/audio_1.wav,
apa?,what?,0:02:27,audio/audio_1.wav,
ko lu ju pikir-pikir dari tadi.,you think about it for so long.,0:02:30,audio/audio_1.wav,
ihh!,hmm.,0:02:30,audio/audio_1.wav,
tanta-tanta ni.,some women.,0:02:30,audio/audio_1.wav,
yang tunggu orang mau pi gade barang tu.,who wait for the people pawning their goods.,0:02:32,audio/audio_1.wav,
oo be tau.,yeah I see.,0:02:34,audio/audio_1.wav,
be ju bangun jalan xxx.,then I left,0:02:36,audio/audio_1.wav,
ini tanta su lia deng beta.,the woman looked at me.,0:02:38,audio/audio_1.wav,
be pikir dia lia apa?,I thought what she looked at,0:02:38,audio/audio_1.wav,
be pung sampe di depan Glory ni.,when I arrived at the front of the Glory.,0:02:41,audio/audio_1.wav,
dia datang ikut deng beta o.,she came to me.,0:02:42,audio/audio_1.wav,
be pikir ni tanta su kenapa ni datang ikut beta?,I was thinking of why the woman came to me?,0:02:43,audio/audio_1.wav,
dia datang.,she came.,0:02:46,audio/audio_1.wav,
ju bilang begini di beta.,and said to me.,0:02:48,audio/audio_1.wav,
"nona jual mas, ko?",did you sell your gold?,0:02:50,audio/audio_1.wav,
ya ampun.,oh my God.,0:02:51,audio/audio_1.wav,
0.,0.,0:02:51,audio/audio_1.wav,
ih sonde tanta.,no.,0:02:52,audio/audio_1.wav,
be son jual mas.,I didn’t sell gold.,0:02:54,audio/audio_1.wav,
sampe beta ni xx.,then I xx.,0:02:54,audio/audio_1.wav,
beta.,I was.,0:02:55,audio/audio_1.wav,
jalan deng Nur.,with Nur.,0:02:55,audio/audio_1.wav,
Nur datang,Nur came.,0:02:57,audio/audio_1.wav,
be bilang deng Nur.,and I said to Nur.,0:03:00,audio/audio_1.wav,
we Nur.,Nur.,0:03:01,audio/audio_1.wav,
"be pung tampang ke orang jual mas, ko?",am I like the people selling gold?,0:03:02,audio/audio_1.wav,
xx.,xx.,0:03:03,audio/audio_1.wav,
terus.,then.,0:03:04,audio/audio_1.wav,
trus.,and then.,0:03:06,audio/audio_1.wav,
tadi pagi lai ni.,and this morning.,0:03:07,audio/audio_1.wav,
be turun di situ.,I arrived there.,0:03:08,audio/audio_1.wav,
be baru turun menyebrang.,and when I cross the street.,0:03:10,audio/audio_1.wav,
itu tanta su bilang begini.,the woman said.,0:03:11,audio/audio_1.wav,
‘aih ini nona yang kemaren ni’.,‘this is the girl (that I met) yesterday’.,0:03:12,audio/audio_1.wav,
"‘nona jual mas, ko?’",‘do you sell gold?’.,0:03:13,audio/audio_1.wav,
he.,hmm.,0:03:14,audio/audio_1.wav,
ulang lai?,did (she say it) again?,0:03:16,audio/audio_1.wav,
be bilang ‘tanta sonde’.,and I said ‘no.,0:03:16,audio/audio_1.wav,
tanta be son jual mas.,‘I don’t sell gold’.,0:03:16,audio/audio_1.wav,
jadi be berdiri diam-diam su di situ.,so I just stand and silent there.,0:03:16,audio/audio_1.wav,
be dalam hati.,and I think.,0:03:16,audio/audio_1.wav,
nenek moyang ni.,oh my god.,0:03:17,audio/audio_1.wav,
lu pikir be ada jual mas di sini?,‘do you think that I am selling gold here?’,0:03:19,audio/audio_1.wav,
be jengkel mati.,I was annoying,0:03:19,audio/audio_1.wav,
tau kenapa dong tunggu-tunggu begitu.,I din’t know why they always wait like that.,0:03:22,audio/audio_1.wav,
mungkin dong tunggu supaya dong yang dapat...,maybe they wait so that they can get...,0:03:24,audio/audio_1.wav,
ini.,hmm.,0:03:31,audio/audio_1.wav,
ke orang bilang...,like what people call...,0:03:32,audio/audio_1.wav,
istilah ‘calo’ tu.,the term ‘calo’.,0:03:33,audio/audio_1.wav,
ih be sonde tau.,maybe.,0:03:35,audio/audio_1.wav,
bisa sa begitu.,it can be so,0:03:35,audio/audio_1.wav,
mungkin karena itu ju kaka.,"perhaps because of that, friend",0:03:36,audio/audio_1.wav,
ini sekarang.,that now,0:03:38,audio/audio_1.wav,
be pung kawan dong bilang.,my friends said.,0:03:39,audio/audio_1.wav,
ini...,mmm...,0:03:41,audio/audio_1.wav,
mas kan nae harga to.,"gold’s price is increasing, right?",0:03:42,audio/audio_1.wav,
jadi...,and...,0:03:43,audio/audio_1.wav,
na trus bilang,they said again that.,0:03:44,audio/audio_1.wav,
mas yang dong jual yang sekarang yang baru ni.,the gold that they sell nowdays is.,0:03:45,audio/audio_1.wav,
bilangnya...,(they) said...,0:03:48,audio/audio_1.wav,
dia pung kadar mas tu,its quality is...,0:03:49,audio/audio_1.wav,
su kurang.,already decreasing.,0:03:51,audio/audio_1.wav,
ke sonde sama...,(it is) not the same as ...,0:03:52,audio/audio_1.wav,
son sama ke yang dulu lai.,not the same as the gold in old days.,0:03:53,audio/audio_1.wav,
kaya yang mas-mas dulu dong.,as the gold in old times.,0:03:53,audio/audio_1.wav,
jadi dong ke tanya.,so they asked.,0:03:55,audio/audio_1.wav,
cegat-cegat memang orang sebelum masuk pegadaian tu.,the people before they came in to the pawnshop.,0:03:57,audio/audio_1.wav,
supaya itu barang mas.,so that the gold ...,0:04:00,audio/audio_1.wav,
jatoh di dorang.,goes to them,0:04:02,audio/audio_1.wav,
kan kalo bagitu kan.,so if it is so,0:04:03,audio/audio_1.wav,
ke buang putus su to.,to pay cash.,0:04:06,audio/audio_1.wav,
hmm.,hmm.,0:04:07,audio/audio_1.wav,
buang putus jadi ke nanti itu orang sonde bisa tebus dia pung barang lai.,pay cash that later people cannot pay back their gold anymore.,0:04:07,audio/audio_1.wav,
ko abis dong su ame to.,because they have bought it,0:04:11,audio/audio_1.wav,
ma ame ju dong...,but even though they bought it...,0:04:13,audio/audio_1.wav,
ame deng harga di bawa harga toko.,bought below the standard price,0:04:15,audio/audio_1.wav,
na orang son tau.,but people don’t know that.,0:04:18,audio/audio_1.wav,
orang pikir sa...,people just think that...,0:04:19,audio/audio_1.wav,
dong butu doi ada yang kasi doi.,"they need money, and someone gives (them) money.",0:04:20,audio/audio_1.wav,
na jual lepas su.,just sell it.,0:04:22,audio/audio_1.wav,
son tau hal lai.,(they) don’t know.,0:04:23,audio/audio_1.wav,
dong biasa bagitu tu.,they usually do so.,0:04:24,audio/audio_1.wav,
dong te’e-te’e ini orang kampung dong.,they usually catch the laymen,0:04:26,audio/audio_1.wav,
yang son tau-tau betul begitu.,that don’t know anything about it.,0:04:28,audio/audio_1.wav,
itu su.,that’s it.,0:04:30,audio/audio_1.wav,
ko abis.,because,0:04:30,audio/audio_1.wav,
biasa sa be biasa lewat klo pi kampus tu.,I usually pass through (that place) when going to campus.,0:04:32,audio/audio_1.wav,
ada tanta-tanta satu badan besar e.,there is a fat woman.,0:04:33,audio/audio_1.wav,
dia pung badan pung besar.,she has fat body,0:04:35,audio/audio_1.wav,
yang.,that,0:04:36,audio/audio_1.wav,
yang tepa sa lu tu orang mana?,where does the woman who catch you come from?,0:04:38,audio/audio_1.wav,
e sonde tau.,hmm I don’t know.,0:04:38,audio/audio_1.wav,
tanta satu e.,a woman.,0:04:40,audio/audio_1.wav,
dia pung rambut...,her hair...,0:04:41,audio/audio_1.wav,
dia pung badan kici ko besar?,is she thin or fat?,0:04:42,audio/audio_1.wav,
e badan ju lumayan.,hmm she is a bit fat.,0:04:43,audio/audio_1.wav,
dia pung badan xx we...,her body xx ...,0:04:44,audio/audio_1.wav,
gaya abis.,stylish,0:04:45,audio/audio_1.wav,
ada duduk sa...,and just sit...,0:04:46,audio/audio_1.wav,
ada lai maen duduk di pinggir pegadaian situ.,just sit beside the pawnshop.,0:04:48,audio/audio_1.wav,
tinggal tunggu orang yang datang dan pergi.,just wait for the people come and go,0:04:50,audio/audio_1.wav,
tapi...,but...,0:04:51,audio/audio_1.wav,
tau be baru dapa liat itu tanta.,I’ve just seen the woman.,0:04:53,audio/audio_1.wav,
tanta yang satu biasa dapat lia tu.,the woman who I always saw.,0:04:55,audio/audio_1.wav,
biasa dia duduk depan...,she usually sit in the front of...,0:04:56,audio/audio_1.wav,
dekat-dekat pintu pegadaian situ.,near the pawnshop door.,0:04:58,audio/audio_1.wav,
dia duduk situ...,she sat there...,0:05:00,audio/audio_1.wav,
baru.,then.,0:05:01,audio/audio_1.wav,
dia mungkin tunggu orang di situ sa.,perhaps she just wait for people there.,0:05:03,audio/audio_1.wav,
son sama ke ni tanta yang satu ni.,not as the woman.,0:05:05,audio/audio_1.wav,
orang pung datang dia su lari kajar tu orang.,when people come she runs to chase them.,0:05:07,audio/audio_1.wav,
ma ini tanta yang be biasa liat ni...,but the woman that I always see...,0:05:09,audio/audio_1.wav,
dia pung gantong barang mas di dia pung badan pung banyak.,she hang up many gold acsessories on her body,0:05:11,audio/audio_1.wav,
kira-kira ini...,(I) guess this...,0:05:12,audio/audio_1.wav,
tau itu yang berapa gram be su son tau lai.,I don’t know how many grams that she wear.,0:05:13,audio/audio_1.wav,
ma semua-semua lengkap abis.,but it is complete.,0:05:15,audio/audio_1.wav,
kira-kira ini...,(I) guess this ...,0:05:17,audio/audio_1.wav,
dong bikin begitu tu.,they do so.,0:05:19,audio/audio_1.wav,
itu pegawai.,and the employee.,0:05:21,audio/audio_1.wav,
"pokoknya karyawan pegadaian dong deng dia pung kepala dong, tau ko sonde?","basically the pawnshop staff and their leaders, do you know?",0:05:25,audio/audio_1.wav,
e pasti dong tau kan.,"of course they know, right?",0:05:27,audio/audio_1.wav,
paling kan..,mostly,0:05:28,audio/audio_1.wav,
beta ju rasa ke ada kerjasama.,I also think that there is a cooperation.,0:05:30,audio/audio_1.wav,
ih be sonde tau.,hmm I don’t know.,0:05:32,audio/audio_1.wav,
paling kan.,mostly.,0:05:33,audio/audio_1.wav,
tegantung to.,it is depend on.,0:05:34,audio/audio_1.wav,
dia pung.,it’s.,0:05:35,audio/audio_1.wav,
maksudnya...,hmm I mean...,0:05:36,audio/audio_1.wav,
dari tu orang sendiri.,the person him/herself,0:05:37,audio/audio_1.wav,
kalo memang dia mau jual di...,if s/he indeed wants to sell the gold to...,0:05:39,audio/audio_1.wav,
"itu orang yang di luar, ya","the person outside, ya",0:05:41,audio/audio_1.wav,
terserah dia.,hmm it’s depend on him/her,0:05:42,audio/audio_1.wav,
kalo memang dia betul-betul butu uang dan mungkin.,if s/he really needs money and perhaps.,0:05:44,audio/audio_1.wav,
dalam waktu yang su ditentukan dia su sonde bisa...,"at certain times, s/he can’t...",0:05:46,audio/audio_1.wav,
pi tebus na.,pay it back.,0:05:47,audio/audio_1.wav,
berarti...,it means that...,0:05:49,audio/audio_1.wav,
lepas su to dia kasi di itu orang su to.,let she gives it to that person.,0:05:51,audio/audio_1.wav,
ya.,yes.,0:05:52,audio/audio_1.wav,
kira-kira dia tau dari mana o?,how does she know that?,0:05:54,audio/audio_1.wav,
ini apa...,what is it ...,0:05:55,audio/audio_1.wav,
ini mas ini ini mas.,this gold is.,0:05:57,audio/audio_1.wav,
dia punya kadar masih tinggi ko su lemah?.,does the gold still have good quality or not ?,0:05:59,audio/audio_1.wav,
sonde ju.,not really.,0:06:01,audio/audio_1.wav,
ko abis.,but.,0:06:03,audio/audio_1.wav,
ini.,this.,0:06:04,audio/audio_1.wav,
apa na.,what is it.,0:06:05,audio/audio_1.wav,
kan harga mas su nae na.,as the price of the gold already increased.,0:06:07,audio/audio_1.wav,
orang.,people,0:06:08,audio/audio_1.wav,
mungkin.,maybe.,0:06:10,audio/audio_1.wav,
be ju son tau e.,I don’t understand either.,0:06:12,audio/audio_1.wav,
ato mungkin memang itu orang dong tukang timbun emas,or maybe they are gold collector.,0:06:14,audio/audio_1.wav,
be ju onde tau.,I don’t know either.,0:06:15,audio/audio_1.wav,
ko abis.,but.,0:06:16,audio/audio_1.wav,
dong.,they.,0:06:17,audio/audio_1.wav,
tiap hari sa duduk jaga tu pegadaian ke kaya jaga apa ko...,(they) are just sitting in pawnshop everyday like ...,0:06:19,audio/audio_1.wav,
"ke sonde ada kerja laen lai, ko?.",isn’t there no other job?,0:06:21,audio/audio_1.wav,
0.,0.,0:06:24,audio/audio_1.wav,
tiap hari duduk jaga tu pegadaian.,everyday guarding that pawnshop.,0:06:25,audio/audio_1.wav,
"o mungkin itu sonde ada kerja, memang.",or maybe it is true that no other job.,0:06:26,audio/audio_1.wav,
o dia pung kerja jaga pegadaian tunggu-tunggu yang jual mas.,his job is guard the pawnshop and waiting for someone who sell the gold,0:06:29,audio/audio_1.wav,
"aih, parah mati!","wow, so bad!",0:06:31,audio/audio_1.wav,
e be su pamalas.,I am lazy already.,0:06:33,audio/audio_1.wav,
sampe be...,until I am...,0:06:34,audio/audio_1.wav,
aduh...,auch...,0:06:35,audio/audio_1.wav,
alamat besok-besok ni kalo bajanji deng orang jangan di depan Glory.,"next time, don’t make any appointment in front of Glory.",0:06:38,audio/audio_1.wav,
kalo pagi-pagi...,if early in the morning...,0:06:39,audio/audio_1.wav,
alamat dapa kejar lai.,will get catch up again.,0:06:40,audio/audio_1.wav,
"tanya, ada jual mas ko?","(she) asking, are you selling the gold?",0:06:42,audio/audio_1.wav,
be pung tampang...,my face..,0:06:43,audio/audio_1.wav,
tampang jual mas?,is(my face)gold seller’s face?,0:06:45,audio/audio_1.wav,
e ko lu pung kaka kerja dimana selama ini?,where is your sister’s job up till now?,0:06:47,audio/audio_1.wav,
sonde.,no.,0:06:48,audio/audio_1.wav,
be pung kaka sulung kan.,my oldest sister.,0:06:50,audio/audio_1.wav,
dia baru abis taon lalu to.,she just finished a year ago.,0:06:51,audio/audio_1.wav,
oo.,oo.,0:06:51,audio/audio_1.wav,
jadi pas abis deng abis.,so after that.,0:06:52,audio/audio_1.wav,
kebetulan baru-baru...,by recently...,0:06:54,audio/audio_1.wav,
baca...,(she) read...,0:06:55,audio/audio_1.wav,
Pos Kupang.,Kupang Post.,0:06:57,audio/audio_1.wav,
ini.,this.,0:06:58,audio/audio_1.wav,
Pansimas ni.,Pansimas.,0:07:00,audio/audio_1.wav,
itu LSM kalo be onde salah dengar.,it’s NGO if I am not mishear.,0:07:02,audio/audio_1.wav,
ha dia lai ada butu.,need (some employers).,0:07:03,audio/audio_1.wav,
kebetulan butu.,accidentally need some.,0:07:04,audio/audio_1.wav,
tenaga to?.,"staff, right?",0:07:05,audio/audio_1.wav,
na kebetulan be pung kaka pung jurusan.,"fortunately, my sister’s majors.",0:07:07,audio/audio_1.wav,
perlu teknik sipil to.,need civil engineering.,0:07:08,audio/audio_1.wav,
kan dia teknik sipil.,(she was) civil engineering.,0:07:10,audio/audio_1.wav,
jadi.,so.,0:07:11,audio/audio_1.wav,
dia pi daftar su.,she is going to enlisted.,0:07:12,audio/audio_1.wav,
ikut tes.,join the test.,0:07:13,audio/audio_1.wav,
ikut tes.,join the test.,0:07:14,audio/audio_1.wav,
pelatihan.,training.,0:07:14,audio/audio_1.wav,
lulus.,pass a test.,0:07:15,audio/audio_1.wav,
lulus ju.,pass.,0:07:16,audio/audio_1.wav,
dia bawa motor ju lu sendiri.,she was driving the motorcycle then you are alone.,0:07:17,audio/audio_1.wav,
jalan kaki su.,just take a walk.,0:07:18,audio/audio_1.wav,
e ko abis mau karmana lai.,"well,what else again.",0:07:19,audio/audio_1.wav,
yang motor yang satu.,the other one motorcycle.,0:07:20,audio/audio_1.wav,
be pung ade laki-laki punya na.,(that motorcycle) is my brother’s.,0:07:22,audio/audio_1.wav,
oo.,oo.,0:07:23,audio/audio_1.wav,
pi ko cari bekelai?,want to fight?,0:07:24,audio/audio_1.wav,
repot lai nanti.,will be busy again.,0:07:25,audio/audio_1.wav,
e lu anak perempuan sendiri?,are you the only one daughter?,0:07:26,audio/audio_1.wav,
e sonde ju.,not really.,0:07:27,audio/audio_1.wav,
ko abis.,well.,0:07:28,audio/audio_1.wav,
kotong perempuan ampat orang na.,we are four daughters.,0:07:30,audio/audio_1.wav,
laki-laki hanya satu orang.,only one son.,0:07:31,audio/audio_1.wav,
bosong berapa bersodara?,how many sibling do you have?,0:07:32,audio/audio_1.wav,
"we, kotong ada lima orang.",we are five person.,0:07:33,audio/audio_1.wav,
hmm.,hmm.,0:07:34,audio/audio_1.wav,
makanya itu su .,so that’s why.,0:07:35,audio/audio_1.wav,
laki-laki satu orang.,just one son.,0:07:36,audio/audio_1.wav,
mama tua telalu manja.,the woman very spoiled (her son).,0:07:37,audio/audio_1.wav,
jadi.,so.,0:07:38,audio/audio_1.wav,
yah.,yah.,0:07:39,audio/audio_1.wav,
o pantas,"yeah,of course.",0:07:40,audio/audio_1.wav,
mengerti sa.,you know that.,0:07:41,audio/audio_1.wav,
ko abis.,because.,0:07:41,audio/audio_1.wav,
dia yang mau bilang minta apa sa.,he asked whatever.,0:07:43,audio/audio_1.wav,
ikut sa.,just follow.,0:07:44,audio/audio_1.wav,
jadi sekarang su besar ju.,so now (he is) already grow up.,0:07:46,audio/audio_1.wav,
mmm.,mmm.,0:07:47,audio/audio_1.wav,
bapa tua ju besar kepala deng ketong.,he didn’t care of us.,0:07:49,audio/audio_1.wav,
omong son dengar lai.,not hear to what we say.,0:07:50,audio/audio_1.wav,
lu anak ke berapa?,what child number you are?,0:07:51,audio/audio_1.wav,
be anak ke tiga.,I’m the third.,0:07:52,audio/audio_1.wav,
oo.,oo.,0:07:53,audio/audio_1.wav,
ma son apa-apa ju.,but it doesn’t matter.,0:07:54,audio/audio_1.wav,
istilahnya.,it means that.,0:07:56,audio/audio_1.wav,
sekarang su ringan.,now is already lightweight.,0:07:57,audio/audio_1.wav,
ko abis.,because.,0:07:57,audio/audio_1.wav,
be pung kaka nomor dua ju su kerja to.,my sister (that the second one) is also already get the job.,0:07:59,audio/audio_1.wav,
oo.,oo.,0:08:00,audio/audio_1.wav,
jadi aman sa.,so just relax.,0:08:01,audio/audio_1.wav,
o dua orang su abis.,two of your (sister) already finished.,0:08:02,audio/audio_1.wav,
ya paling yang kulia sekarang tinggal beta.,now just me who study in university.,0:08:04,audio/audio_1.wav,
be pung ade laki-laki.,my younger brother.,0:08:06,audio/audio_1.wav,
tamat SMA taon lalu.,graduated from Senior High School last year.,0:08:08,audio/audio_1.wav,
son mau lanjut.,he didn’t want to cotinue (his study).,0:08:09,audio/audio_1.wav,
ko kenapa?,why?,0:08:10,audio/audio_1.wav,
tau dia iku dia pung kawan-kawan dong.,I don’t know (but I think) he just follow his friends.,0:08:12,audio/audio_1.wav,
e nanti baru...,then...,0:08:14,audio/audio_1.wav,
ma tau sekarang dia su foe...,but now he is like crazy...,0:08:15,audio/audio_1.wav,
foe ko...,crazy to...,0:08:16,audio/audio_1.wav,
omong deng mama tua bilang.,speak to the woman.,0:08:17,audio/audio_1.wav,
ini ‘Ma e.,‘mom.,0:08:18,audio/audio_1.wav,
ini taon be kulia su ko?’,can I go to the University this year?’,0:08:19,audio/audio_1.wav,
jadi mama tua kasi tau di kotong.,so the woman told us.,0:08:20,audio/audio_1.wav,
kotong bilang.,we said.,0:08:21,audio/audio_1.wav,
‘o bae su.,‘ ok that’s right.,0:08:23,audio/audio_1.wav,
na dia su sadar na su mau kuliah’.,he is already aware of going to the university’.,0:08:25,audio/audio_1.wav,
o itu bagitu nanti...,o if it so then..,0:08:26,audio/audio_1.wav,
baru...,then...,0:08:26,audio/audio_1.wav,
manyasal ke belakang to.,regret latter.,0:08:28,audio/audio_1.wav,
ma tau ini taon dia jadi kulia ko sonde.,but (I don’t know )does he will study this year or not.,0:08:30,audio/audio_1.wav,
perempuan yang kici yang paling kecil.,and my youngest sister.,0:08:32,audio/audio_1.wav,
SMA klas dua to.,on the 2nd grade of Senior High School.,0:08:34,audio/audio_1.wav,
dia paling taon depan baru kulia.,and maybe next year she will go to the unversity.,0:08:36,audio/audio_1.wav,
oo.,oo.,0:08:38,audio/audio_1.wav,
hi.,hi.,0:08:40,audio/audio_1.wav,
asli...,original...,0:08:41,audio/audio_1.wav,
kotong rumah jau begini ni.,our house is so far.,0:08:42,audio/audio_1.wav,
Undana Penfui.,Undana Penfui.,0:08:43,audio/audio_1.wav,
ini Sikumana Penfui.,from Sikumana to Penfui.,0:08:44,audio/audio_1.wav,
bagitu jau tu.,so far.,0:08:46,audio/audio_1.wav,
aduh!,ouch!,0:08:47,audio/audio_1.wav,
kalo bagitu.,if so,0:08:48,audio/audio_1.wav,
nanti lu naek bemo turun di halte a?,"you go up with bemo and then arrive in halte, isn’t it?",0:08:50,audio/audio_1.wav,
o e.,yes.,0:08:51,audio/audio_1.wav,
di halte su ma.,"ya, at halte",0:08:52,audio/audio_1.wav,
mau di mana lai?,where do (we have to get off)?,0:08:53,audio/audio_1.wav,
ko oto di situ sa na.,because the mini.bus only stop there,0:08:54,audio/audio_1.wav,
na bilang bosong pung kampus FKIP tu.,"said that your campus ,FKIP.",0:08:55,audio/audio_1.wav,
ini...,this...,0:08:56,audio/audio_1.wav,
Damri sonde putar iko sana ko?,is Damri not passing through there?,0:08:58,audio/audio_1.wav,
ih sonde lai.,no more.,0:09:00,audio/audio_1.wav,
jadi bosong turun di itu tikungan itu to?,"so, you get off on that bend?",0:09:02,audio/audio_1.wav,
ho.,yes,0:09:03,audio/audio_1.wav,
tu turun di.,get off at..,0:09:04,audio/audio_1.wav,
simpang tiga situ tu.,at the crossroad over there.,0:09:06,audio/audio_1.wav,
turun di situ.,get off there,0:09:07,audio/audio_1.wav,
baru.,then,0:09:08,audio/audio_1.wav,
jalan kaki naek pi atas.,walk uphill.,0:09:09,audio/audio_1.wav,
ya...,yes.,0:09:10,audio/audio_1.wav,
m mendaki lai.,and go up again.,0:09:11,audio/audio_1.wav,
mujur-mujur dapa liat.,"luckily, (we) can see",0:09:12,audio/audio_1.wav,
kawan deng motor.,our friends by motorcycle,0:09:13,audio/audio_1.wav,
nebeng.,follow (him),0:09:14,audio/audio_1.wav,
bilang kampus paleng sengsara.,said that it is unfortunate campus.,0:09:16,audio/audio_1.wav,
MIPA a.,"MIPA, right?",0:09:17,audio/audio_1.wav,
,,,audio/audio_1.wav,
tadi kaka nonton ini Go.Spot ko sonde?,did you watch go spot this morning?,0:00:02,audio/audio_1.wav,
"ih, sonde.",no.,0:00:04,audio/audio_1.wav,
kotong pung listrik di sana mati terus.,our electricity was always off.,0:00:05,audio/audio_1.wav,
sumpah ni.,wow.,0:00:07,audio/audio_1.wav,
Oesapa kenapa tu...,why is in Oesapa...,0:00:07,audio/audio_1.wav,
ko listrik su mati terus.,the electricity always off?,0:00:08,audio/audio_1.wav,
e be nonton.,hmm I watched (tv),0:00:09,audio/audio_1.wav,
awih.,oh.,0:00:10,audio/audio_1.wav,
ada ini.,it is said.,0:00:11,audio/audio_1.wav,
bilang ini.,that.,0:00:12,audio/audio_1.wav,
Slank ada kena ni...,Slank was...,0:00:13,audio/audio_1.wav,
apa ini dari anggota dewan dong a?,is this by the legislatives?,0:00:15,audio/audio_1.wav,
ho e ko abis dia pung.,"yes, that’s beacuse.",0:00:17,audio/audio_1.wav,
lirik lagu tu kan.,their song’s lyrics.,0:00:18,audio/audio_1.wav,
menyudutkan anggota dewan to.,make the parlements.,0:00:20,audio/audio_1.wav,
xx tapi tau lai.,but I don’t know.,0:00:20,audio/audio_1.wav,
ko abis.,because.,0:00:22,audio/audio_1.wav,
anggota dewan selama ini tidor ko?,did the parlements sleep along the day?,0:00:24,audio/audio_1.wav,
ko abis.,because.,0:00:25,audio/audio_1.wav,
su begini lama ni.,this has been too long.,0:00:26,audio/audio_1.wav,
itu lagu su dari beberapa taon lalu xx.,that song has been composed several years ago.,0:00:27,audio/audio_1.wav,
ih be son suka anggota dewan dong.,hmm I don’t like the parlements.,0:00:29,audio/audio_1.wav,
talalu ba’iu mati.,they are realy behave.,0:00:30,audio/audio_1.wav,
model ke apa ko.,(they are) like ...,0:00:32,audio/audio_1.wav,
xx.,xx,0:00:32,audio/audio_1.wav,
sonde tau ju o.,I don’t know.,0:00:33,audio/audio_1.wav,
ko abis.,because.,0:00:33,audio/audio_1.wav,
klo dong tersinggung berarti dong bikin ju a?,"if they are offended, they do it too, aren’t they?",0:00:35,audio/audio_1.wav,
ho,yes.,0:00:35,audio/audio_1.wav,
ko itu kan hanya yang untuk orang tertentu sa to?,"because it is just for certain people, right?",0:00:37,audio/audio_1.wav,
yang betul-betul korupsi...,who really committed to coruption.,0:00:39,audio/audio_1.wav,
kalo sonde na sonde to?,"and if not, (they) don’t, do they?",0:00:40,audio/audio_1.wav,
"sonde, ko abis.","not, because",0:00:41,audio/audio_1.wav,
ini.,hm.,0:00:41,audio/audio_1.wav,
nonton dapat yang Ungu ko sonde?,did you watch (the news) about Ungu or not?,0:00:43,audio/audio_1.wav,
Ungu pi umroh.,they were go to umroh.,0:00:45,audio/audio_1.wav,
be sonde dapat.,I didn’t watch it.,0:00:46,audio/audio_1.wav,
soalnya be sonde telalu dengar bae-bae...,and I didn’t listen it carefully.,0:00:48,audio/audio_1.wav,
ko abis.,because.,0:00:49,audio/audio_1.wav,
be tadi pagi mau datang sini to.,"this morning, I would come here.",0:00:51,audio/audio_1.wav,
jadi...,so...,0:00:51,audio/audio_1.wav,
buru-buru.,really in hurry.,0:00:53,audio/audio_1.wav,
beta sampe Slank sa ju.,I just (watched it) until the (news) about Slank.,0:00:54,audio/audio_1.wav,
kotong pung listrik mati de.,the electricity in my place was off.,0:00:55,audio/audio_1.wav,
be son nonton lai.,I didn’t watch it anymore.,0:00:56,audio/audio_1.wav,
aih... sumpah ni.,hmm.,0:00:57,audio/audio_1.wav,
su mati dari kapan?,when was it off?,0:01:00,audio/audio_1.wav,
mati dari yang Go.Spot tu sampe be datang tu...,it was off when I watch Go Spot and until I came here...,0:01:00,audio/audio_1.wav,
sonde tau menyala-menyala.,(the electricity) was still not working,0:01:03,audio/audio_1.wav,
adih xx,wow.xx,0:01:06,audio/audio_1.wav,
lia do?,can you see it?,0:01:07,audio/audio_1.wav,
kotong di Oesapa ni heran mati terus.,"(I) wonder, (the electricity) in Oesapa is always off.",0:01:08,audio/audio_1.wav,
ma <orang> di bagian dalam kota sini sonde mati.,but (the electricity) downtown is not always off,0:01:11,audio/audio_1.wav,
e sonde.,hm no.,0:01:12,audio/audio_1.wav,
kotong di sini giliran.,in these town always get time for off.,0:01:13,audio/audio_1.wav,
ke kotong baru-baru di Sikumana tu mati na.,"as our place, in Sikumana (the electricity) was off the other day",0:01:14,audio/audio_1.wav,
hari...,on...,0:01:16,audio/audio_1.wav,
Senin.,Monday.,0:01:17,audio/audio_1.wav,
o Senin tu kotong mati lampu.,our electricity was off on Monday,0:01:18,audio/audio_1.wav,
ko yang hari Minggu beta datang sini.,and when I came here on Sunday,0:01:21,audio/audio_1.wav,
datang mo ambel bahan kuliah.,came to take the lecture material.,0:01:22,audio/audio_1.wav,
di Pa sini.,at Mr.Jhon’s place,0:01:24,audio/audio_1.wav,
Pa pung listrik ju mati.,"the electricity at his (place) was off, too.",0:01:24,audio/audio_1.wav,
hari minggu.,on Sunday.,0:01:26,audio/audio_1.wav,
jadi hari minggu bagian sini...,"so on Sunday, it was off here.",0:01:27,audio/audio_1.wav,
Tofa.,Tofa.,0:01:28,audio/audio_1.wav,
habis.,and then.,0:01:30,audio/audio_1.wav,
Senin tu kotong dari atas.,on Monday when we came (the electricity was off),0:01:30,audio/audio_1.wav,
itu hari bagiliran.,"that time, it was in turn",0:01:31,audio/audio_1.wav,
ma tau.,but I didn’t know why.,0:01:32,audio/audio_1.wav,
sekarang maen mati terus tiap hari tu pasti.,"now it is always off, every day it is certainly so .",0:01:34,audio/audio_1.wav,
jam sekitar...,it was about...,0:01:35,audio/audio_1.wav,
jam.,at.,0:01:37,audio/audio_1.wav,
pagi tu sekitar jam delapan lewat.,about 08.00 in the morning.,0:01:38,audio/audio_1.wav,
nanti son lama dia menyala lai.,and latter it was on again.,0:01:42,audio/audio_1.wav,
abis itu malam ju bagitu.,and that night was also so.,0:01:42,audio/audio_1.wav,
malam ju nanti.,later at night,0:01:44,audio/audio_1.wav,
jam enam tu dia mati.,at 06.00 the electricity was off.,0:01:46,audio/audio_1.wav,
jam sembilan baru dia menyala.,and then at 09.00 p.m it was on,0:01:48,audio/audio_1.wav,
adiii kaka.,oh yeah.,0:01:50,audio/audio_1.wav,
su dua hari ni kan.,it has been two days.,0:01:51,audio/audio_1.wav,
beta de Nur terus to.,I was with Nur.,0:01:52,audio/audio_1.wav,
jadi.,because.,0:01:53,audio/audio_1.wav,
be kan son bisa bawa motor.,I couldn’t ride the motorcycle.,0:01:54,audio/audio_1.wav,
be pung kaka kan ada.,my sister was in.,0:01:55,audio/audio_1.wav,
dia dapat proyek.,she got a project.,0:01:55,audio/audio_1.wav,
maksudnya kerja di LSM to,I mean (she) is working in NGO.,0:01:56,audio/audio_1.wav,
jadi su dua hari ni.,so for these two days.,0:02:00,audio/audio_1.wav,
pi kantor terus tanda tangan kontrak.,(she) always went to office to sign the agreement.,0:02:01,audio/audio_1.wav,
jadi dia yang pake motor.,so she was drive the motorcycle.,0:02:03,audio/audio_1.wav,
jadi kamaren deng kemaren dulu beta kan di Nur to.,yesterday and the day before yesterday I was with Nur.,0:02:08,audio/audio_1.wav,
beta tunggu dia di Glory.,I waited for her at Glory,0:02:10,audio/audio_1.wav,
be bawa be pung helem sendiri.,I brought my own helmet.,0:02:10,audio/audio_1.wav,
na jadi yang kemarin ni.,so yesterday...,0:02:12,audio/audio_1.wav,
tukang mas ni.,the gold smith,0:02:14,audio/audio_1.wav,
eh kan.,that.,0:02:16,audio/audio_1.wav,
di samping apotik tu kan pegadaian to.,beside the pharmacy there is a pawning service,0:02:17,audio/audio_1.wav,
hoo.,yeah.,0:02:20,audio/audio_1.wav,
na biasa ni kan.,"well, usually",0:02:22,audio/audio_1.wav,
di pegadaian-pegadaian tu kan.,in pawning service,0:02:22,audio/audio_1.wav,
ada...,there is ...,0:02:22,audio/audio_1.wav,
apa su dia pung nama?,what is it called?,0:02:23,audio/audio_1.wav,
ini...,hmm...,0:02:25,audio/audio_1.wav,
0.,0,0:02:27,audio/audio_1.wav,
apa su di pung nama?,what is it called?,0:02:27,audio/audio_1.wav,
apa?,what?,0:02:27,audio/audio_1.wav,
ko lu ju pikir-pikir dari tadi.,you think about it for so long.,0:02:30,audio/audio_1.wav,
ihh!,hmm.,0:02:30,audio/audio_1.wav,
tanta-tanta ni.,some women.,0:02:30,audio/audio_1.wav,
yang tunggu orang mau pi gade barang tu.,who wait for the people pawning their goods.,0:02:32,audio/audio_1.wav,
oo be tau.,yeah I see.,0:02:34,audio/audio_1.wav,
be ju bangun jalan xxx.,then I left,0:02:36,audio/audio_1.wav,
ini tanta su lia deng beta.,the woman looked at me.,0:02:38,audio/audio_1.wav,
be pikir dia lia apa?,I thought what she looked at,0:02:38,audio/audio_1.wav,
be pung sampe di depan Glory ni.,when I arrived at the front of the Glory.,0:02:41,audio/audio_1.wav,
dia datang ikut deng beta o.,she came to me.,0:02:42,audio/audio_1.wav,
be pikir ni tanta su kenapa ni datang ikut beta?,I was thinking of why the woman came to me?,0:02:43,audio/audio_1.wav,
dia datang.,she came.,0:02:46,audio/audio_1.wav,
ju bilang begini di beta.,and said to me.,0:02:48,audio/audio_1.wav,
"nona jual mas, ko?",did you sell your gold?,0:02:50,audio/audio_1.wav,
ya ampun.,oh my God.,0:02:51,audio/audio_1.wav,
0.,0.,0:02:51,audio/audio_1.wav,
ih sonde tanta.,no.,0:02:52,audio/audio_1.wav,
be son jual mas.,I didn’t sell gold.,0:02:54,audio/audio_1.wav,
sampe beta ni xx.,then I xx.,0:02:54,audio/audio_1.wav,
beta.,I was.,0:02:55,audio/audio_1.wav,
jalan deng Nur.,with Nur.,0:02:55,audio/audio_1.wav,
Nur datang,Nur came.,0:02:57,audio/audio_1.wav,
be bilang deng Nur.,and I said to Nur.,0:03:00,audio/audio_1.wav,
we Nur.,Nur.,0:03:01,audio/audio_1.wav,
"be pung tampang ke orang jual mas, ko?",am I like the people selling gold?,0:03:02,audio/audio_1.wav,
xx.,xx.,0:03:03,audio/audio_1.wav,
terus.,then.,0:03:04,audio/audio_1.wav,
trus.,and then.,0:03:06,audio/audio_1.wav,
tadi pagi lai ni.,and this morning.,0:03:07,audio/audio_1.wav,
be turun di situ.,I arrived there.,0:03:08,audio/audio_1.wav,
be baru turun menyebrang.,and when I cross the street.,0:03:10,audio/audio_1.wav,
itu tanta su bilang begini.,the woman said.,0:03:11,audio/audio_1.wav,
‘aih ini nona yang kemaren ni’.,‘this is the girl (that I met) yesterday’.,0:03:12,audio/audio_1.wav,
"‘nona jual mas, ko?’",‘do you sell gold?’.,0:03:13,audio/audio_1.wav,
he.,hmm.,0:03:14,audio/audio_1.wav,
ulang lai?,did (she say it) again?,0:03:16,audio/audio_1.wav,
be bilang ‘tanta sonde’.,and I said ‘no.,0:03:16,audio/audio_1.wav,
tanta be son jual mas.,‘I don’t sell gold’.,0:03:16,audio/audio_1.wav,
jadi be berdiri diam-diam su di situ.,so I just stand and silent there.,0:03:16,audio/audio_1.wav,
be dalam hati.,and I think.,0:03:16,audio/audio_1.wav,
nenek moyang ni.,oh my god.,0:03:17,audio/audio_1.wav,
lu pikir be ada jual mas di sini?,‘do you think that I am selling gold here?’,0:03:19,audio/audio_1.wav,
be jengkel mati.,I was annoying,0:03:19,audio/audio_1.wav,
tau kenapa dong tunggu-tunggu begitu.,I din’t know why they always wait like that.,0:03:22,audio/audio_1.wav,
mungkin dong tunggu supaya dong yang dapat...,maybe they wait so that they can get...,0:03:24,audio/audio_1.wav,
ini.,hmm.,0:03:31,audio/audio_1.wav,
ke orang bilang...,like what people call...,0:03:32,audio/audio_1.wav,
istilah ‘calo’ tu.,the term ‘calo’.,0:03:33,audio/audio_1.wav,
ih be sonde tau.,maybe.,0:03:35,audio/audio_1.wav,
bisa sa begitu.,it can be so,0:03:35,audio/audio_1.wav,
mungkin karena itu ju kaka.,"perhaps because of that, friend",0:03:36,audio/audio_1.wav,
ini sekarang.,that now,0:03:38,audio/audio_1.wav,
be pung kawan dong bilang.,my friends said.,0:03:39,audio/audio_1.wav,
ini...,mmm...,0:03:41,audio/audio_1.wav,
mas kan nae harga to.,"gold’s price is increasing, right?",0:03:42,audio/audio_1.wav,
jadi...,and...,0:03:43,audio/audio_1.wav,
na trus bilang,they said again that.,0:03:44,audio/audio_1.wav,
mas yang dong jual yang sekarang yang baru ni.,the gold that they sell nowdays is.,0:03:45,audio/audio_1.wav,
bilangnya...,(they) said...,0:03:48,audio/audio_1.wav,
dia pung kadar mas tu,its quality is...,0:03:49,audio/audio_1.wav,
su kurang.,already decreasing.,0:03:51,audio/audio_1.wav,
ke sonde sama...,(it is) not the same as ...,0:03:52,audio/audio_1.wav,
son sama ke yang dulu lai.,not the same as the gold in old days.,0:03:53,audio/audio_1.wav,
kaya yang mas-mas dulu dong.,as the gold in old times.,0:03:53,audio/audio_1.wav,
jadi dong ke tanya.,so they asked.,0:03:55,audio/audio_1.wav,
cegat-cegat memang orang sebelum masuk pegadaian tu.,the people before they came in to the pawnshop.,0:03:57,audio/audio_1.wav,
supaya itu barang mas.,so that the gold ...,0:04:00,audio/audio_1.wav,
jatoh di dorang.,goes to them,0:04:02,audio/audio_1.wav,
kan kalo bagitu kan.,so if it is so,0:04:03,audio/audio_1.wav,
ke buang putus su to.,to pay cash.,0:04:06,audio/audio_1.wav,
hmm.,hmm.,0:04:07,audio/audio_1.wav,
buang putus jadi ke nanti itu orang sonde bisa tebus dia pung barang lai.,pay cash that later people cannot pay back their gold anymore.,0:04:07,audio/audio_1.wav,
ko abis dong su ame to.,because they have bought it,0:04:11,audio/audio_1.wav,
ma ame ju dong...,but even though they bought it...,0:04:13,audio/audio_1.wav,
ame deng harga di bawa harga toko.,bought below the standard price,0:04:15,audio/audio_1.wav,
na orang son tau.,but people don’t know that.,0:04:18,audio/audio_1.wav,
orang pikir sa...,people just think that...,0:04:19,audio/audio_1.wav,
dong butu doi ada yang kasi doi.,"they need money, and someone gives (them) money.",0:04:20,audio/audio_1.wav,
na jual lepas su.,just sell it.,0:04:22,audio/audio_1.wav,
son tau hal lai.,(they) don’t know.,0:04:23,audio/audio_1.wav,
dong biasa bagitu tu.,they usually do so.,0:04:24,audio/audio_1.wav,
dong te’e-te’e ini orang kampung dong.,they usually catch the laymen,0:04:26,audio/audio_1.wav,
yang son tau-tau betul begitu.,that don’t know anything about it.,0:04:28,audio/audio_1.wav,
itu su.,that’s it.,0:04:30,audio/audio_1.wav,
ko abis.,because,0:04:30,audio/audio_1.wav,
biasa sa be biasa lewat klo pi kampus tu.,I usually pass through (that place) when going to campus.,0:04:32,audio/audio_1.wav,
ada tanta-tanta satu badan besar e.,there is a fat woman.,0:04:33,audio/audio_1.wav,
dia pung badan pung besar.,she has fat body,0:04:35,audio/audio_1.wav,
yang.,that,0:04:36,audio/audio_1.wav,
yang tepa sa lu tu orang mana?,where does the woman who catch you come from?,0:04:38,audio/audio_1.wav,
e sonde tau.,hmm I don’t know.,0:04:38,audio/audio_1.wav,
tanta satu e.,a woman.,0:04:40,audio/audio_1.wav,
dia pung rambut...,her hair...,0:04:41,audio/audio_1.wav,
dia pung badan kici ko besar?,is she thin or fat?,0:04:42,audio/audio_1.wav,
e badan ju lumayan.,hmm she is a bit fat.,0:04:43,audio/audio_1.wav,
dia pung badan xx we...,her body xx ...,0:04:44,audio/audio_1.wav,
gaya abis.,stylish,0:04:45,audio/audio_1.wav,
ada duduk sa...,and just sit...,0:04:46,audio/audio_1.wav,
ada lai maen duduk di pinggir pegadaian situ.,just sit beside the pawnshop.,0:04:48,audio/audio_1.wav,
tinggal tunggu orang yang datang dan pergi.,just wait for the people come and go,0:04:50,audio/audio_1.wav,
tapi...,but...,0:04:51,audio/audio_1.wav,
tau be baru dapa liat itu tanta.,I’ve just seen the woman.,0:04:53,audio/audio_1.wav,
tanta yang satu biasa dapat lia tu.,the woman who I always saw.,0:04:55,audio/audio_1.wav,
biasa dia duduk depan...,she usually sit in the front of...,0:04:56,audio/audio_1.wav,
dekat-dekat pintu pegadaian situ.,near the pawnshop door.,0:04:58,audio/audio_1.wav,
dia duduk situ...,she sat there...,0:05:00,audio/audio_1.wav,
baru.,then.,0:05:01,audio/audio_1.wav,
dia mungkin tunggu orang di situ sa.,perhaps she just wait for people there.,0:05:03,audio/audio_1.wav,
son sama ke ni tanta yang satu ni.,not as the woman.,0:05:05,audio/audio_1.wav,
orang pung datang dia su lari kajar tu orang.,when people come she runs to chase them.,0:05:07,audio/audio_1.wav,
ma ini tanta yang be biasa liat ni...,but the woman that I always see...,0:05:09,audio/audio_1.wav,
dia pung gantong barang mas di dia pung badan pung banyak.,she hang up many gold acsessories on her body,0:05:11,audio/audio_1.wav,
kira-kira ini...,(I) guess this...,0:05:12,audio/audio_1.wav,
tau itu yang berapa gram be su son tau lai.,I don’t know how many grams that she wear.,0:05:13,audio/audio_1.wav,
ma semua-semua lengkap abis.,but it is complete.,0:05:15,audio/audio_1.wav,
kira-kira ini...,(I) guess this ...,0:05:17,audio/audio_1.wav,
dong bikin begitu tu.,they do so.,0:05:19,audio/audio_1.wav,
itu pegawai.,and the employee.,0:05:21,audio/audio_1.wav,
"pokoknya karyawan pegadaian dong deng dia pung kepala dong, tau ko sonde?","basically the pawnshop staff and their leaders, do you know?",0:05:25,audio/audio_1.wav,
e pasti dong tau kan.,"of course they know, right?",0:05:27,audio/audio_1.wav,
paling kan..,mostly,0:05:28,audio/audio_1.wav,
beta ju rasa ke ada kerjasama.,I also think that there is a cooperation.,0:05:30,audio/audio_1.wav,
ih be sonde tau.,hmm I don’t know.,0:05:32,audio/audio_1.wav,
paling kan.,mostly.,0:05:33,audio/audio_1.wav,
tegantung to.,it is depend on.,0:05:34,audio/audio_1.wav,
dia pung.,it’s.,0:05:35,audio/audio_1.wav,
maksudnya...,hmm I mean...,0:05:36,audio/audio_1.wav,
dari tu orang sendiri.,the person him/herself,0:05:37,audio/audio_1.wav,
kalo memang dia mau jual di...,if s/he indeed wants to sell the gold to...,0:05:39,audio/audio_1.wav,
"itu orang yang di luar, ya","the person outside, ya",0:05:41,audio/audio_1.wav,
terserah dia.,hmm it’s depend on him/her,0:05:42,audio/audio_1.wav,
kalo memang dia betul-betul butu uang dan mungkin.,if s/he really needs money and perhaps.,0:05:44,audio/audio_1.wav,
dalam waktu yang su ditentukan dia su sonde bisa...,"at certain times, s/he can’t...",0:05:46,audio/audio_1.wav,
pi tebus na.,pay it back.,0:05:47,audio/audio_1.wav,
berarti...,it means that...,0:05:49,audio/audio_1.wav,
lepas su to dia kasi di itu orang su to.,let she gives it to that person.,0:05:51,audio/audio_1.wav,
ya.,yes.,0:05:52,audio/audio_1.wav,
kira-kira dia tau dari mana o?,how does she know that?,0:05:54,audio/audio_1.wav,
ini apa...,what is it ...,0:05:55,audio/audio_1.wav,
ini mas ini ini mas.,this gold is.,0:05:57,audio/audio_1.wav,
dia punya kadar masih tinggi ko su lemah?.,does the gold still have good quality or not ?,0:05:59,audio/audio_1.wav,
sonde ju.,not really.,0:06:01,audio/audio_1.wav,
ko abis.,but.,0:06:03,audio/audio_1.wav,
ini.,this.,0:06:04,audio/audio_1.wav,
apa na.,what is it.,0:06:05,audio/audio_1.wav,
kan harga mas su nae na.,as the price of the gold already increased.,0:06:07,audio/audio_1.wav,
orang.,people,0:06:08,audio/audio_1.wav,
mungkin.,maybe.,0:06:10,audio/audio_1.wav,
be ju son tau e.,I don’t understand either.,0:06:12,audio/audio_1.wav,
ato mungkin memang itu orang dong tukang timbun emas,or maybe they are gold collector.,0:06:14,audio/audio_1.wav,
be ju onde tau.,I don’t know either.,0:06:15,audio/audio_1.wav,
ko abis.,but.,0:06:16,audio/audio_1.wav,
dong.,they.,0:06:17,audio/audio_1.wav,
tiap hari sa duduk jaga tu pegadaian ke kaya jaga apa ko...,(they) are just sitting in pawnshop everyday like ...,0:06:19,audio/audio_1.wav,
"ke sonde ada kerja laen lai, ko?.",isn’t there no other job?,0:06:21,audio/audio_1.wav,
0.,0.,0:06:24,audio/audio_1.wav,
tiap hari duduk jaga tu pegadaian.,everyday guarding that pawnshop.,0:06:25,audio/audio_1.wav,
"o mungkin itu sonde ada kerja, memang.",or maybe it is true that no other job.,0:06:26,audio/audio_1.wav,
o dia pung kerja jaga pegadaian tunggu-tunggu yang jual mas.,his job is guard the pawnshop and waiting for someone who sell the gold,0:06:29,audio/audio_1.wav,
"aih, parah mati!","wow, so bad!",0:06:31,audio/audio_1.wav,
e be su pamalas.,I am lazy already.,0:06:33,audio/audio_1.wav,
sampe be...,until I am...,0:06:34,audio/audio_1.wav,
aduh...,auch...,0:06:35,audio/audio_1.wav,
alamat besok-besok ni kalo bajanji deng orang jangan di depan Glory.,"next time, don’t make any appointment in front of Glory.",0:06:38,audio/audio_1.wav,
kalo pagi-pagi...,if early in the morning...,0:06:39,audio/audio_1.wav,
alamat dapa kejar lai.,will get catch up again.,0:06:40,audio/audio_1.wav,
"tanya, ada jual mas ko?","(she) asking, are you selling the gold?",0:06:42,audio/audio_1.wav,
be pung tampang...,my face..,0:06:43,audio/audio_1.wav,
tampang jual mas?,is(my face)gold seller’s face?,0:06:45,audio/audio_1.wav,
e ko lu pung kaka kerja dimana selama ini?,where is your sister’s job up till now?,0:06:47,audio/audio_1.wav,
sonde.,no.,0:06:48,audio/audio_1.wav,
be pung kaka sulung kan.,my oldest sister.,0:06:50,audio/audio_1.wav,
dia baru abis taon lalu to.,she just finished a year ago.,0:06:51,audio/audio_1.wav,
oo.,oo.,0:06:51,audio/audio_1.wav,
jadi pas abis deng abis.,so after that.,0:06:52,audio/audio_1.wav,
kebetulan baru-baru...,by recently...,0:06:54,audio/audio_1.wav,
baca...,(she) read...,0:06:55,audio/audio_1.wav,
Pos Kupang.,Kupang Post.,0:06:57,audio/audio_1.wav,
ini.,this.,0:06:58,audio/audio_1.wav,
Pansimas ni.,Pansimas.,0:07:00,audio/audio_1.wav,
itu LSM kalo be onde salah dengar.,it’s NGO if I am not mishear.,0:07:02,audio/audio_1.wav,
ha dia lai ada butu.,need (some employers).,0:07:03,audio/audio_1.wav,
kebetulan butu.,accidentally need some.,0:07:04,audio/audio_1.wav,
tenaga to?.,"staff, right?",0:07:05,audio/audio_1.wav,
na kebetulan be pung kaka pung jurusan.,"fortunately, my sister’s majors.",0:07:07,audio/audio_1.wav,
perlu teknik sipil to.,need civil engineering.,0:07:08,audio/audio_1.wav,
kan dia teknik sipil.,(she was) civil engineering.,0:07:10,audio/audio_1.wav,
jadi.,so.,0:07:11,audio/audio_1.wav,
dia pi daftar su.,she is going to enlisted.,0:07:12,audio/audio_1.wav,
ikut tes.,join the test.,0:07:13,audio/audio_1.wav,
ikut tes.,join the test.,0:07:14,audio/audio_1.wav,
pelatihan.,training.,0:07:14,audio/audio_1.wav,
lulus.,pass a test.,0:07:15,audio/audio_1.wav,
lulus ju.,pass.,0:07:16,audio/audio_1.wav,
dia bawa motor ju lu sendiri.,she was driving the motorcycle then you are alone.,0:07:17,audio/audio_1.wav,
jalan kaki su.,just take a walk.,0:07:18,audio/audio_1.wav,
e ko abis mau karmana lai.,"well,what else again.",0:07:19,audio/audio_1.wav,
yang motor yang satu.,the other one motorcycle.,0:07:20,audio/audio_1.wav,
be pung ade laki-laki punya na.,(that motorcycle) is my brother’s.,0:07:22,audio/audio_1.wav,
oo.,oo.,0:07:23,audio/audio_1.wav,
pi ko cari bekelai?,want to fight?,0:07:24,audio/audio_1.wav,
repot lai nanti.,will be busy again.,0:07:25,audio/audio_1.wav,
e lu anak perempuan sendiri?,are you the only one daughter?,0:07:26,audio/audio_1.wav,
e sonde ju.,not really.,0:07:27,audio/audio_1.wav,
ko abis.,well.,0:07:28,audio/audio_1.wav,
kotong perempuan ampat orang na.,we are four daughters.,0:07:30,audio/audio_1.wav,
laki-laki hanya satu orang.,only one son.,0:07:31,audio/audio_1.wav,
bosong berapa bersodara?,how many sibling do you have?,0:07:32,audio/audio_1.wav,
"we, kotong ada lima orang.",we are five person.,0:07:33,audio/audio_1.wav,
hmm.,hmm.,0:07:34,audio/audio_1.wav,
makanya itu su .,so that’s why.,0:07:35,audio/audio_1.wav,
laki-laki satu orang.,just one son.,0:07:36,audio/audio_1.wav,
mama tua telalu manja.,the woman very spoiled (her son).,0:07:37,audio/audio_1.wav,
jadi.,so.,0:07:38,audio/audio_1.wav,
yah.,yah.,0:07:39,audio/audio_1.wav,
o pantas,"yeah,of course.",0:07:40,audio/audio_1.wav,
mengerti sa.,you know that.,0:07:41,audio/audio_1.wav,
ko abis.,because.,0:07:41,audio/audio_1.wav,
dia yang mau bilang minta apa sa.,he asked whatever.,0:07:43,audio/audio_1.wav,
ikut sa.,just follow.,0:07:44,audio/audio_1.wav,
jadi sekarang su besar ju.,so now (he is) already grow up.,0:07:46,audio/audio_1.wav,
mmm.,mmm.,0:07:47,audio/audio_1.wav,
bapa tua ju besar kepala deng ketong.,he didn’t care of us.,0:07:49,audio/audio_1.wav,
omong son dengar lai.,not hear to what we say.,0:07:50,audio/audio_1.wav,
lu anak ke berapa?,what child number you are?,0:07:51,audio/audio_1.wav,
be anak ke tiga.,I’m the third.,0:07:52,audio/audio_1.wav,
oo.,oo.,0:07:53,audio/audio_1.wav,
ma son apa-apa ju.,but it doesn’t matter.,0:07:54,audio/audio_1.wav,
istilahnya.,it means that.,0:07:56,audio/audio_1.wav,
sekarang su ringan.,now is already lightweight.,0:07:57,audio/audio_1.wav,
ko abis.,because.,0:07:57,audio/audio_1.wav,
be pung kaka nomor dua ju su kerja to.,my sister (that the second one) is also already get the job.,0:07:59,audio/audio_1.wav,
oo.,oo.,0:08:00,audio/audio_1.wav,
jadi aman sa.,so just relax.,0:08:01,audio/audio_1.wav,
o dua orang su abis.,two of your (sister) already finished.,0:08:02,audio/audio_1.wav,
ya paling yang kulia sekarang tinggal beta.,now just me who study in university.,0:08:04,audio/audio_1.wav,
be pung ade laki-laki.,my younger brother.,0:08:06,audio/audio_1.wav,
tamat SMA taon lalu.,graduated from Senior High School last year.,0:08:08,audio/audio_1.wav,
son mau lanjut.,he didn’t want to cotinue (his study).,0:08:09,audio/audio_1.wav,
ko kenapa?,why?,0:08:10,audio/audio_1.wav,
tau dia iku dia pung kawan-kawan dong.,I don’t know (but I think) he just follow his friends.,0:08:12,audio/audio_1.wav,
e nanti baru...,then...,0:08:14,audio/audio_1.wav,
ma tau sekarang dia su foe...,but now he is like crazy...,0:08:15,audio/audio_1.wav,
foe ko...,crazy to...,0:08:16,audio/audio_1.wav,
omong deng mama tua bilang.,speak to the woman.,0:08:17,audio/audio_1.wav,
ini ‘Ma e.,‘mom.,0:08:18,audio/audio_1.wav,
ini taon be kulia su ko?’,can I go to the University this year?’,0:08:19,audio/audio_1.wav,
jadi mama tua kasi tau di kotong.,so the woman told us.,0:08:20,audio/audio_1.wav,
kotong bilang.,we said.,0:08:21,audio/audio_1.wav,
‘o bae su.,‘ ok that’s right.,0:08:23,audio/audio_1.wav,
na dia su sadar na su mau kuliah’.,he is already aware of going to the university’.,0:08:25,audio/audio_1.wav,
o itu bagitu nanti...,o if it so then..,0:08:26,audio/audio_1.wav,
baru...,then...,0:08:26,audio/audio_1.wav,
manyasal ke belakang to.,regret latter.,0:08:28,audio/audio_1.wav,
ma tau ini taon dia jadi kulia ko sonde.,but (I don’t know )does he will study this year or not.,0:08:30,audio/audio_1.wav,
perempuan yang kici yang paling kecil.,and my youngest sister.,0:08:32,audio/audio_1.wav,
SMA klas dua to.,on the 2nd grade of Senior High School.,0:08:34,audio/audio_1.wav,
dia paling taon depan baru kulia.,and maybe next year she will go to the unversity.,0:08:36,audio/audio_1.wav,
oo.,oo.,0:08:38,audio/audio_1.wav,
hi.,hi.,0:08:40,audio/audio_1.wav,
asli...,original...,0:08:41,audio/audio_1.wav,
kotong rumah jau begini ni.,our house is so far.,0:08:42,audio/audio_1.wav,
Undana Penfui.,Undana Penfui.,0:08:43,audio/audio_1.wav,
ini Sikumana Penfui.,from Sikumana to Penfui.,0:08:44,audio/audio_1.wav,
bagitu jau tu.,so far.,0:08:46,audio/audio_1.wav,
aduh!,ouch!,0:08:47,audio/audio_1.wav,
kalo bagitu.,if so,0:08:48,audio/audio_1.wav,
nanti lu naek bemo turun di halte a?,"you go up with bemo and then arrive in halte, isn’t it?",0:08:50,audio/audio_1.wav,
o e.,yes.,0:08:51,audio/audio_1.wav,
di halte su ma.,"ya, at halte",0:08:52,audio/audio_1.wav,
mau di mana lai?,where do (we have to get off)?,0:08:53,audio/audio_1.wav,
ko oto di situ sa na.,because the mini.bus only stop there,0:08:54,audio/audio_1.wav,
na bilang bosong pung kampus FKIP tu.,"said that your campus ,FKIP.",0:08:55,audio/audio_1.wav,
ini...,this...,0:08:56,audio/audio_1.wav,
Damri sonde putar iko sana ko?,is Damri not passing through there?,0:08:58,audio/audio_1.wav,
ih sonde lai.,no more.,0:09:00,audio/audio_1.wav,
jadi bosong turun di itu tikungan itu to?,"so, you get off on that bend?",0:09:02,audio/audio_1.wav,
ho.,yes,0:09:03,audio/audio_1.wav,
tu turun di.,get off at..,0:09:04,audio/audio_1.wav,
simpang tiga situ tu.,at the crossroad over there.,0:09:06,audio/audio_1.wav,
turun di situ.,get off there,0:09:07,audio/audio_1.wav,
baru.,then,0:09:08,audio/audio_1.wav,
jalan kaki naek pi atas.,walk uphill.,0:09:09,audio/audio_1.wav,
ya...,yes.,0:09:10,audio/audio_1.wav,
m mendaki lai.,and go up again.,0:09:11,audio/audio_1.wav,
mujur-mujur dapa liat.,"luckily, (we) can see",0:09:12,audio/audio_1.wav,
kawan deng motor.,our friends by motorcycle,0:09:13,audio/audio_1.wav,
nebeng.,follow (him),0:09:14,audio/audio_1.wav,
bilang kampus paleng sengsara.,said that it is unfortunate campus.,0:09:16,audio/audio_1.wav,
MIPA a.,"MIPA, right?",0:09:17,audio/audio_1.wav,
we.,hei.,0:09:18,audio/audio_1.wav,
MIPA deng FAPERTA pung.,that is MIPA and FAPERTA,0:09:19,audio/audio_1.wav,
dong mandaki ngeri-ngeri.,they go through the horrifying hill.,0:09:20,audio/audio_1.wav,
batang leher.,the neck.,0:09:21,audio/audio_1.wav,
xx.,xx.,0:09:22,audio/audio_1.wav,
bagitu tinggi dia pung mendaki tu.,the hill is too high,0:09:23,audio/audio_1.wav,
lu mandaki sampe lu bengkok su.,it is very tiring to go uphill,0:09:24,audio/audio_1.wav,
oo.,oo.,0:09:26,audio/audio_1.wav,
itu kapan tempo oo?,when do you reach (the campus)?,0:09:28,audio/audio_1.wav,
sumpa ni.,swear.,0:09:30,audio/audio_1.wav,
adi.. beta ni.,I..,0:09:31,audio/audio_1.wav,
kalo beta yang kulia di sana biar su e.,"if I study there, I don’t...",0:09:33,audio/audio_1.wav,
0.,0.,0:09:34,audio/audio_1.wav,
be son mau.,I don’t want.,0:09:36,audio/audio_1.wav,
talalu jau.,it’s (MIPA) too far.,0:09:37,audio/audio_1.wav,
ko?,really?,0:09:38,audio/audio_1.wav,
mandaki lae.,walk up hill again.,0:09:39,audio/audio_1.wav,
kaka bayangkan sa.,you can imagine.,0:09:41,audio/audio_1.wav,
pagi-pagi.,early morning,0:09:42,audio/audio_1.wav,
segar-segar dari rumah.,fresh from the house,0:09:44,audio/audio_1.wav,
su barampas oto di halte.,struggle to find a car in the bus stop.,0:09:46,audio/audio_1.wav,
sampe kampus.,until campus,0:09:48,audio/audio_1.wav,
mandaki lae.,walk up again.,0:09:50,audio/audio_1.wav,
parsetan do!,damn you!,0:09:51,audio/audio_1.wav,
ketong pi kulia deng karingat-karingat?,we went to campus with the sweat?,0:09:52,audio/audio_1.wav,
ho betul.,right,0:09:54,audio/audio_1.wav,
be son mau.,I don’t want it,0:09:55,audio/audio_1.wav,
pi sampe sana orang cium besong pung bao...,"(you) went there ,people smelt your bad odour there.",0:09:55,audio/audio_1.wav,
babao karingat dong.,smell bad odour.,0:09:57,audio/audio_1.wav,
untung sakarang.,fortunately now...,0:09:58,audio/audio_1.wav,
su ada bis kampus to.,there is been campus bus .,0:10:00,audio/audio_1.wav,
jadi yah.,so...,0:10:01,audio/audio_1.wav,
hii ma...,but...,0:10:02,audio/audio_1.wav,
bis kampus yang.,campus bus which..,0:10:03,audio/audio_1.wav,
ju mau muat.,also accomodate.,0:10:04,audio/audio_1.wav,
berapa orang?,how many people?,0:10:04,audio/audio_1.wav,
hii sonde.,oh no.,0:10:05,audio/audio_1.wav,
muat banyak ju.,accomodate many.,0:10:06,audio/audio_1.wav,
biasa.,usually.,0:10:07,audio/audio_1.wav,
ma...,but...,0:10:07,audio/audio_1.wav,
yang biasa nae bis kampus hanya.,those using campus bus are only.,0:10:07,audio/audio_1.wav,
ana-ana yang kalo su terlambat to.,students who are already (coming) late.,0:10:09,audio/audio_1.wav,
karna bis sekarang.,because the bus now.,0:10:11,audio/audio_1.wav,
dia pung rute.,the route,0:10:12,audio/audio_1.wav,
naek dari FKIP situ.,get in (the bus) at the FKIP.,0:10:14,audio/audio_1.wav,
xx.,xx,0:10:15,audio/audio_1.wav,
dia nae FKIP.,go to FKIP there,0:10:16,audio/audio_1.wav,
xx iya.,xx yes,0:10:17,audio/audio_1.wav,
dia putar FST.,it stop at FST,0:10:18,audio/audio_1.wav,
dari FST.,from FST,0:10:18,audio/audio_1.wav,
dia nae FAPERTA.,it goes to FAPERTA,0:10:20,audio/audio_1.wav,
baru dia turun pi.,then it goes down to.,0:10:21,audio/audio_1.wav,
teknik di bawa tu.,at the faculty of techniques down there,0:10:22,audio/audio_1.wav,
"baru Hukum, FISIP paling terakhir.","then the faculty of law, finally pass the FISIP",0:10:24,audio/audio_1.wav,
besong pung bis.,the bus that you use.,0:10:25,audio/audio_1.wav,
kampus tu yang ini.,campus (bus) is this,0:10:26,audio/audio_1.wav,
Damri dong ni ko?,"it is Damri, isn’t it?",0:10:27,audio/audio_1.wav,
sonde...,no.,0:10:29,audio/audio_1.wav,
sonde.,no.,0:10:30,audio/audio_1.wav,
kalo Damri memang bis kampus dari halte.,Damri is indeed the campus bus from the bus stop,0:10:31,audio/audio_1.wav,
halte pi kampus tapi.,"(from) the bus stop to campus, but..",0:10:32,audio/audio_1.wav,
kalo dalam kampus.,in campus area,0:10:32,audio/audio_1.wav,
ada ketong pung bis kampus sendiri.,"we have campus bus, too",0:10:33,audio/audio_1.wav,
oo.,oo.,0:10:34,audio/audio_1.wav,
itu bis...,that bus...,0:10:35,audio/audio_1.wav,
bis baru.,the new bus.,0:10:36,audio/audio_1.wav,
dengan.,with,0:10:37,audio/audio_1.wav,
ada.,there are,0:10:38,audio/audio_1.wav,
bis Kopma.,Kopma bus.,0:10:39,audio/audio_1.wav,
Kopma Undana ni.,Undana Kopma bus,0:10:40,audio/audio_1.wav,
xx.,xx.,0:10:41,audio/audio_1.wav,
ha itu ju biasa pagi-pagi.,it’s usually in the morning too,0:10:41,audio/audio_1.wav,
angkut mahasiswa.,carry the university students,0:10:42,audio/audio_1.wav,
itu bis dia hanya.,that bus only,0:10:42,audio/audio_1.wav,
seputar kampus?,turning around campus?,0:10:43,audio/audio_1.wav,
dalam kampus sa.,around the campus only.,0:10:45,audio/audio_1.wav,
oo.,oo.,0:10:46,audio/audio_1.wav,
dia tunggu di.,(they) are waiting at,0:10:47,audio/audio_1.wav,
itu.,that,0:10:47,audio/audio_1.wav,
yang paling depan tu.,the earlier one,0:10:48,audio/audio_1.wav,
xx.,xx.,0:10:50,audio/audio_1.wav,
jalan paling depan tu.,go earlier,0:10:51,audio/audio_1.wav,
xx.,xx.,0:10:52,audio/audio_1.wav,
ha.,yes.,0:10:52,audio/audio_1.wav,
tunggu di situ.,we wait there.,0:10:53,audio/audio_1.wav,
ketong ju tunggu bis di situ.,we also wait bus there.,0:10:54,audio/audio_1.wav,
nanti kalo bis su datang naek.,"if the bus comes, (we) get in",0:10:55,audio/audio_1.wav,
baru klo su penu.,if it is full,0:10:56,audio/audio_1.wav,
baru jalan su.,then we go.,0:10:58,audio/audio_1.wav,
na itu bosong dobel bemo tu ma a.,"it means you take bemo twice, right?",0:11:00,audio/audio_1.wav,
e kan bis kampus sonde...,is campus bus not...,0:11:02,audio/audio_1.wav,
ho memang si.,yah that’s right.,0:11:03,audio/audio_1.wav,
kalo beta dari Sikumana pasti dobel bemo.,"if I come from Sikumana, I should take bemo twice.",0:11:05,audio/audio_1.wav,
ko abis jauh na.,"because it’s far, right.",0:11:07,audio/audio_1.wav,
abis mau ojek.,(I) want to rent motorcycle (but),0:11:09,audio/audio_1.wav,
sepuluh ribu a be rasa.,"ten thousand rupiah, I guess.",0:11:10,audio/audio_1.wav,
adu sumpah ni.,I swear.,0:11:11,audio/audio_1.wav,
be son mau.,I didn’t want it.,0:11:12,audio/audio_1.wav,
talalu jau.,too far.,0:11:13,audio/audio_1.wav,
sepuluh ribu lai.,(and) ten thousand.,0:11:14,audio/audio_1.wav,
biar su e.,let it be.,0:11:15,audio/audio_1.wav,
sepuluh ribu tu.,ten thousand rupiah.,0:11:16,audio/audio_1.wav,
su nae bemo sampe rumah kembali.,(I) already take bemo at home back.,0:11:18,audio/audio_1.wav,
sepuluh ribu lu hitung su.,you can count ten thousand,0:11:20,audio/audio_1.wav,
satu bulan dapat berapa?,how much for one month?,0:11:22,audio/audio_1.wav,
itu lu su beli pakian,you can buy a clothes.,0:11:23,audio/audio_1.wav,
apa lai,what else?,0:11:24,audio/audio_1.wav,
segala macam.,anything,0:11:24,audio/audio_1.wav,
itu su,that’s right,0:11:24,audio/audio_1.wav,
kebutuhan yang laen yang sonde terpenuhi.,other need that are not fulfilled,0:11:26,audio/audio_1.wav,
persetan su.,forget it.,0:11:27,audio/audio_1.wav,
e beta kalo ojek pi kampus.,if I am going to campus by rent motorbike.,0:11:29,audio/audio_1.wav,
klo su terdesak dolo.,very urgent.,0:11:31,audio/audio_1.wav,
klo aer su batang leher,if the water went to the bridge of neck,0:11:32,audio/audio_1.wav,
su betul-betul terlambat.,(it’s) too late,0:11:32,audio/audio_1.wav,
dosen kiler.,killer lecturer.,0:11:35,audio/audio_1.wav,
itu baru ojek.,(I) rent motorcycle.,0:11:37,audio/audio_1.wav,
klo sonde e...,but (if) not,0:11:38,audio/audio_1.wav,
kalo memang lu terlambat na,if you are too late,0:11:40,audio/audio_1.wav,
naek apa sa to.,(please) catch any bus,0:11:40,audio/audio_1.wav,
bangun pagi-pagi ko.,(or) wake up early in the morning,0:11:42,audio/audio_1.wav,
apa ko.,or anything,0:11:43,audio/audio_1.wav,
hi sama sa.,still same.,0:11:44,audio/audio_1.wav,
ko abis kotong di Sikumana.,because we are in Sikumana,0:11:45,audio/audio_1.wav,
biar mau keluar.,if (we want) to go out,0:11:46,audio/audio_1.wav,
pokoknya kalo mau pi sedu tu.,,0:11:47,audio/audio_1.wav,
musti keluar.,must leave home,0:11:48,audio/audio_1.wav,
setengah tuju atau kurang lima belas jam tuju.,(about) a half past six or six forty five,0:11:50,audio/audio_1.wav,
klo keluar jam tuju.,if (I) leave home at seven o’clock,0:11:53,audio/audio_1.wav,
itu berarti itu bemo lampu dua dong tu.,it means bemo line 2 (belong to).,0:11:55,audio/audio_1.wav,
itu SMP dua belas.,SMP 12.,0:12:00,audio/audio_1.wav,
SMP tiga.,SMP 3.,0:12:00,audio/audio_1.wav,
dan SMA enam punya.,and SMA 6.,0:12:00,audio/audio_1.wav,
ko abis.,because,0:12:01,audio/audio_1.wav,
oto dong hanya batareak.,(the co-drivers) of the car usually shout,0:12:03,audio/audio_1.wav,
SMP tiga.,SMP 3.,0:12:04,audio/audio_1.wav,
SMA enam.,SMA 6.,0:12:04,audio/audio_1.wav,
SMP dua blas.,SMP 12.,0:12:05,audio/audio_1.wav,
jadi sapa yang mau sampe halte?,"so, who wants to go to the bus stop?",0:12:07,audio/audio_1.wav,
tunggu sampe tiga pulu menit kemudian.,wait until thirty minutes later.,0:12:09,audio/audio_1.wav,
baru ada oto halte.,then the car to halte comes,0:12:11,audio/audio_1.wav,
aiii.,ow.,0:12:12,audio/audio_1.wav,
jadi tunggu sampe baakar.,so waiting for very long time,0:12:13,audio/audio_1.wav,
xx mati mampos do.,xx.go to hell.,0:12:15,audio/audio_1.wav,
xx tunggu bemo.,waiting for bemo.,0:12:16,audio/audio_1.wav,
ko abis.,because,0:12:18,audio/audio_1.wav,
mau karmana lai?,what should I do?,0:12:20,audio/audio_1.wav,
jadi kalo beta ee.,if I am,0:12:21,audio/audio_1.wav,
untung sakarang.,fortunately now,0:12:21,audio/audio_1.wav,
be kulia pagi cuma hari Senin sa.,I have morning class only on Monday.,0:12:23,audio/audio_1.wav,
selanjutnya...,next...,0:12:24,audio/audio_1.wav,
jam sembilan.,at nine o’clock,0:12:25,audio/audio_1.wav,
mau pigi.,(I) want to go,0:12:26,audio/audio_1.wav,
mau siap lama lama ju son masalah.,it is okay to get ready for a very long time,0:12:28,audio/audio_1.wav,
kan oto ju son talalu susa lai to.,because it’s not so difficult to catch car anymore.,0:12:30,audio/audio_1.wav,
kalo su jam sambilan.,if it is already nine o’clock,0:12:34,audio/audio_1.wav,
o ho betul.,right,0:12:35,audio/audio_1.wav,
oto son talalu susah lae.,it’s not too difficult to catch car anymore,0:12:37,audio/audio_1.wav,
jam sembilan memang oto son talalu susah.,not too difficult to catch car at nine o’clock.,0:12:38,audio/audio_1.wav,
pokoknya ka liat sa di halte kalo pagi-pagi.,just find it out yourself at the bus stop early in the morning.,0:12:39,audio/audio_1.wav,
manusia bagitu banyak tu...,there are so many people...,0:12:40,audio/audio_1.wav,
itu...,they are...,0:12:41,audio/audio_1.wav,
ana Undana pung model tu.,Undana students,0:12:42,audio/audio_1.wav,
dong pung tampang samua.,that’s they are,0:12:43,audio/audio_1.wav,
0.,0.,0:12:45,audio/audio_1.wav,
ko ais.,and.,0:12:48,audio/audio_1.wav,
tiap hari.,everyday,0:12:49,audio/audio_1.wav,
mulai su barampas oto.,(they) begin to crowd to get into car.,0:12:50,audio/audio_1.wav,
laki-laki perempuan son mau tau.,no matter man or women,0:12:51,audio/audio_1.wav,
jadi konjak mendadak su.,become sudden co-driver.,0:12:52,audio/audio_1.wav,
di Oesapa situ.,"in Oesapa, over there...",0:12:53,audio/audio_1.wav,
oto.,the car,0:12:55,audio/audio_1.wav,
dong biasa batareak kampus.,"they usually shout, ""campus""",0:12:56,audio/audio_1.wav,
talalu fol!,too full,0:12:57,audio/audio_1.wav,
di Oesapa.,in Oesapa,0:12:58,audio/audio_1.wav,
ho ko abis kan.,"yes, (you’re) right.",0:13:00,audio/audio_1.wav,
biasa kalo dari halte su panuh.,"from the bus stop, (the car) is usually already full",0:13:01,audio/audio_1.wav,
oto dong su ponuh samua.,the cars are already full.,0:13:02,audio/audio_1.wav,
bis-bis dong ju su ponuh.,the busses are also full,0:13:03,audio/audio_1.wav,
son dapa tempat lae.,can’t find a seat anymore,0:13:04,audio/audio_1.wav,
